x-coordinate,y-coordinate,class
402.0,507.5,t_shirt
401.0,507.5,t_shirt
400.0,507.5,t_shirt
399.0,507.5,t_shirt
398.0,507.5,t_shirt
397.0,507.5,t_shirt
396.0,507.5,t_shirt
395.0,507.5,t_shirt
394.0,507.5,t_shirt
393.0,507.5,t_shirt
392.0,507.5,t_shirt
391.0,507.5,t_shirt
390.0,507.5,t_shirt
389.0,507.5,t_shirt
388.0,507.5,t_shirt
387.0,507.5,t_shirt
386.0,507.5,t_shirt
385.0,507.5,t_shirt
384.0,507.5,t_shirt
383.0,507.5,t_shirt
382.0,507.5,t_shirt
381.0,507.5,t_shirt
380.0,507.5,t_shirt
379.0,507.5,t_shirt
378.0,507.5,t_shirt
377.0,507.5,t_shirt
376.0,507.5,t_shirt
375.0,507.5,t_shirt
374.0,507.5,t_shirt
373.0,507.5,t_shirt
372.0,507.5,t_shirt
371.0,507.5,t_shirt
370.0,507.5,t_shirt
369.0,507.5,t_shirt
368.0,507.5,t_shirt
367.0,507.5,t_shirt
366.0,507.5,t_shirt
365.0,507.5,t_shirt
364.0,507.5,t_shirt
363.0,507.5,t_shirt
362.0,507.5,t_shirt
361.0,507.5,t_shirt
360.0,507.5,t_shirt
359.0,507.5,t_shirt
358.0,507.5,t_shirt
357.0,507.5,t_shirt
356.0,507.5,t_shirt
355.0,507.5,t_shirt
354.0,507.5,t_shirt
353.0,507.5,t_shirt
352.0,507.5,t_shirt
351.0,507.5,t_shirt
350.0,507.5,t_shirt
349.0,507.5,t_shirt
348.0,507.5,t_shirt
347.0,507.5,t_shirt
346.0,507.5,t_shirt
345.0,507.5,t_shirt
344.0,507.5,t_shirt
343.0,507.5,t_shirt
342.0,507.5,t_shirt
341.0,507.5,t_shirt
340.0,507.5,t_shirt
339.0,507.5,t_shirt
338.0,507.5,t_shirt
337.0,507.5,t_shirt
336.0,507.5,t_shirt
335.0,507.5,t_shirt
334.0,507.5,t_shirt
333.0,507.5,t_shirt
332.0,507.5,t_shirt
331.0,507.5,t_shirt
330.0,507.5,t_shirt
329.0,507.5,t_shirt
328.0,507.5,t_shirt
327.0,507.5,t_shirt
326.0,507.5,t_shirt
325.0,507.5,t_shirt
324.0,507.5,t_shirt
323.0,507.5,t_shirt
322.0,507.5,t_shirt
321.0,507.5,t_shirt
320.0,507.5,t_shirt
319.0,507.5,t_shirt
318.0,507.5,t_shirt
317.0,507.5,t_shirt
316.0,507.5,t_shirt
315.0,507.5,t_shirt
314.0,507.5,t_shirt
313.0,507.5,t_shirt
312.0,507.5,t_shirt
311.0,507.5,t_shirt
310.0,507.5,t_shirt
309.0,507.5,t_shirt
308.0,507.5,t_shirt
307.0,507.5,t_shirt
306.0,507.5,t_shirt
305.0,507.5,t_shirt
304.0,507.5,t_shirt
303.0,507.5,t_shirt
302.0,507.5,t_shirt
301.0,507.5,t_shirt
300.0,507.5,t_shirt
299.0,507.5,t_shirt
298.0,507.5,t_shirt
297.0,507.5,t_shirt
296.0,507.5,t_shirt
295.0,507.5,t_shirt
294.0,507.5,t_shirt
293.0,507.5,t_shirt
292.0,507.5,t_shirt
291.0,507.5,t_shirt
290.0,507.5,t_shirt
289.0,507.5,t_shirt
288.0,507.5,t_shirt
287.0,507.5,t_shirt
286.0,507.5,t_shirt
285.0,507.5,t_shirt
284.0,507.5,t_shirt
283.0,507.5,t_shirt
282.0,507.5,t_shirt
281.0,507.5,t_shirt
280.0,507.5,t_shirt
279.0,507.5,t_shirt
278.0,507.5,t_shirt
277.0,507.5,t_shirt
276.0,507.5,t_shirt
275.0,507.5,t_shirt
274.0,507.5,t_shirt
273.0,507.5,t_shirt
272.0,507.5,t_shirt
271.0,507.5,t_shirt
270.0,507.5,t_shirt
269.0,507.5,t_shirt
268.0,507.5,t_shirt
267.0,507.5,t_shirt
266.0,507.5,t_shirt
265.0,507.5,t_shirt
264.0,507.5,t_shirt
263.0,507.5,t_shirt
262.0,507.5,t_shirt
261.0,507.5,t_shirt
260.0,507.5,t_shirt
259.0,507.5,t_shirt
258.0,507.5,t_shirt
257.0,507.5,t_shirt
256.0,507.5,t_shirt
255.0,507.5,t_shirt
254.0,507.5,t_shirt
253.0,507.5,t_shirt
252.0,507.5,t_shirt
251.0,507.5,t_shirt
250.0,507.5,t_shirt
249.0,507.5,t_shirt
248.0,507.5,t_shirt
247.0,507.5,t_shirt
246.0,507.5,t_shirt
245.0,507.5,t_shirt
244.0,507.5,t_shirt
243.0,507.5,t_shirt
242.0,507.5,t_shirt
241.0,507.5,t_shirt
240.0,507.5,t_shirt
239.0,507.5,t_shirt
238.0,507.5,t_shirt
237.0,507.5,t_shirt
236.0,507.5,t_shirt
235.0,507.5,t_shirt
234.0,507.5,t_shirt
233.0,507.5,t_shirt
232.0,507.5,t_shirt
231.0,507.5,t_shirt
230.0,507.5,t_shirt
229.0,507.5,t_shirt
228.0,507.5,t_shirt
227.0,507.5,t_shirt
226.0,507.5,t_shirt
225.0,507.5,t_shirt
224.0,507.5,t_shirt
223.0,507.5,t_shirt
222.0,507.5,t_shirt
221.0,507.5,t_shirt
220.0,507.5,t_shirt
219.0,507.5,t_shirt
218.0,507.5,t_shirt
217.0,507.5,t_shirt
216.0,507.5,t_shirt
215.0,507.5,t_shirt
214.0,507.5,t_shirt
213.0,507.5,t_shirt
212.0,507.5,t_shirt
211.0,507.5,t_shirt
210.0,507.5,t_shirt
209.0,507.5,t_shirt
208.0,507.5,t_shirt
207.0,507.5,t_shirt
206.0,507.5,t_shirt
205.0,507.5,t_shirt
204.0,507.5,t_shirt
203.0,507.5,t_shirt
202.0,507.5,t_shirt
201.0,507.5,t_shirt
200.0,507.5,t_shirt
199.0,507.5,t_shirt
198.0,507.5,t_shirt
197.0,507.5,t_shirt
196.0,507.5,t_shirt
195.0,507.5,t_shirt
194.0,507.5,t_shirt
193.0,507.5,t_shirt
192.0,507.5,t_shirt
191.0,507.5,t_shirt
190.0,507.5,t_shirt
189.0,507.5,t_shirt
188.0,507.5,t_shirt
187.0,507.5,t_shirt
186.0,507.5,t_shirt
185.0,507.5,t_shirt
184.0,507.5,t_shirt
183.0,507.5,t_shirt
182.0,507.5,t_shirt
181.0,507.5,t_shirt
180.0,507.5,t_shirt
179.0,507.5,t_shirt
178.0,507.5,t_shirt
177.0,507.5,t_shirt
176.0,507.5,t_shirt
175.0,507.5,t_shirt
174.0,507.5,t_shirt
173.0,507.5,t_shirt
172.0,507.5,t_shirt
171.0,507.5,t_shirt
170.0,507.5,t_shirt
169.0,507.5,t_shirt
168.0,507.5,t_shirt
167.0,507.5,t_shirt
166.0,507.5,t_shirt
165.0,507.5,t_shirt
164.0,507.5,t_shirt
163.0,507.5,t_shirt
162.0,507.5,t_shirt
161.0,507.5,t_shirt
160.0,507.5,t_shirt
159.0,507.5,t_shirt
158.0,507.5,t_shirt
157.0,507.5,t_shirt
156.0,507.5,t_shirt
155.0,507.5,t_shirt
154.0,507.5,t_shirt
153.0,507.5,t_shirt
152.0,507.5,t_shirt
151.0,507.5,t_shirt
150.0,507.5,t_shirt
149.0,507.5,t_shirt
148.0,507.5,t_shirt
147.0,507.5,t_shirt
146.0,507.5,t_shirt
145.0,507.5,t_shirt
144.0,507.5,t_shirt
143.0,507.5,t_shirt
142.0,507.5,t_shirt
141.0,507.5,t_shirt
140.0,507.5,t_shirt
139.0,507.5,t_shirt
138.0,507.5,t_shirt
137.0,507.5,t_shirt
136.0,507.5,t_shirt
135.0,507.5,t_shirt
134.0,507.5,t_shirt
133.0,507.5,t_shirt
132.0,507.5,t_shirt
131.0,507.5,t_shirt
130.0,507.5,t_shirt
129.0,507.5,t_shirt
128.0,507.5,t_shirt
127.0,507.5,t_shirt
126.0,507.5,t_shirt
125.0,507.5,t_shirt
124.0,507.5,t_shirt
123.0,507.5,t_shirt
122.0,507.5,t_shirt
121.0,507.5,t_shirt
120.0,507.5,t_shirt
119.0,507.5,t_shirt
118.0,507.5,t_shirt
117.0,507.5,t_shirt
116.0,507.5,t_shirt
115.0,507.5,t_shirt
114.0,507.5,t_shirt
113.0,507.5,t_shirt
112.0,507.5,t_shirt
111.0,507.5,t_shirt
110.0,507.5,t_shirt
109.0,507.5,t_shirt
108.0,507.5,t_shirt
107.0,507.5,t_shirt
106.0,507.5,t_shirt
105.5,507.0,t_shirt
105.0,506.5,t_shirt
104.0,506.5,t_shirt
103.5,506.0,t_shirt
103.0,505.5,t_shirt
102.5,505.0,t_shirt
102.0,504.5,t_shirt
101.5,504.0,t_shirt
101.0,503.5,t_shirt
100.5,503.0,t_shirt
100.5,502.0,t_shirt
100.5,501.0,t_shirt
100.0,500.5,t_shirt
99.5,500.0,t_shirt
99.5,499.0,t_shirt
99.5,498.0,t_shirt
99.5,497.0,t_shirt
99.5,496.0,t_shirt
99.5,495.0,t_shirt
99.5,494.0,t_shirt
99.5,493.0,t_shirt
99.5,492.0,t_shirt
99.5,491.0,t_shirt
99.5,490.0,t_shirt
99.5,489.0,t_shirt
99.5,488.0,t_shirt
99.5,487.0,t_shirt
99.0,486.5,t_shirt
98.5,486.0,t_shirt
98.5,485.0,t_shirt
98.5,484.0,t_shirt
99.0,483.5,t_shirt
99.5,483.0,t_shirt
99.5,482.0,t_shirt
99.5,481.0,t_shirt
99.5,480.0,t_shirt
99.5,479.0,t_shirt
99.5,478.0,t_shirt
99.5,477.0,t_shirt
99.5,476.0,t_shirt
99.5,475.0,t_shirt
99.5,474.0,t_shirt
99.5,473.0,t_shirt
99.5,472.0,t_shirt
99.5,471.0,t_shirt
99.5,470.0,t_shirt
99.5,469.0,t_shirt
99.5,468.0,t_shirt
99.5,467.0,t_shirt
99.5,466.0,t_shirt
99.5,465.0,t_shirt
99.5,464.0,t_shirt
99.5,463.0,t_shirt
99.5,462.0,t_shirt
99.5,461.0,t_shirt
100.0,460.5,t_shirt
100.5,460.0,t_shirt
100.5,459.0,t_shirt
100.5,458.0,t_shirt
100.5,457.0,t_shirt
100.5,456.0,t_shirt
101.0,455.5,t_shirt
101.5,455.0,t_shirt
102.0,454.5,t_shirt
102.5,454.0,t_shirt
102.5,453.0,t_shirt
102.5,452.0,t_shirt
102.5,451.0,t_shirt
102.5,450.0,t_shirt
102.5,449.0,t_shirt
102.5,448.0,t_shirt
102.5,447.0,t_shirt
102.5,446.0,t_shirt
103.0,445.5,t_shirt
103.5,445.0,t_shirt
103.5,444.0,t_shirt
103.5,443.0,t_shirt
103.5,442.0,t_shirt
103.5,441.0,t_shirt
103.5,440.0,t_shirt
103.5,439.0,t_shirt
103.5,438.0,t_shirt
103.5,437.0,t_shirt
103.5,436.0,t_shirt
103.5,435.0,t_shirt
103.5,434.0,t_shirt
103.5,433.0,t_shirt
103.5,432.0,t_shirt
103.5,431.0,t_shirt
103.5,430.0,t_shirt
103.5,429.0,t_shirt
103.5,428.0,t_shirt
103.5,427.0,t_shirt
103.5,426.0,t_shirt
103.5,425.0,t_shirt
103.5,424.0,t_shirt
103.5,423.0,t_shirt
103.5,422.0,t_shirt
103.5,421.0,t_shirt
103.5,420.0,t_shirt
103.5,419.0,t_shirt
103.5,418.0,t_shirt
103.5,417.0,t_shirt
103.5,416.0,t_shirt
104.0,415.5,t_shirt
104.5,415.0,t_shirt
104.5,414.0,t_shirt
104.5,413.0,t_shirt
104.5,412.0,t_shirt
104.5,411.0,t_shirt
104.5,410.0,t_shirt
104.5,409.0,t_shirt
104.5,408.0,t_shirt
104.5,407.0,t_shirt
104.5,406.0,t_shirt
104.5,405.0,t_shirt
104.5,404.0,t_shirt
104.5,403.0,t_shirt
104.5,402.0,t_shirt
104.5,401.0,t_shirt
104.5,400.0,t_shirt
104.5,399.0,t_shirt
104.5,398.0,t_shirt
104.5,397.0,t_shirt
104.5,396.0,t_shirt
104.5,395.0,t_shirt
104.5,394.0,t_shirt
104.5,393.0,t_shirt
104.5,392.0,t_shirt
104.5,391.0,t_shirt
104.5,390.0,t_shirt
104.5,389.0,t_shirt
104.5,388.0,t_shirt
104.5,387.0,t_shirt
104.5,386.0,t_shirt
104.5,385.0,t_shirt
104.5,384.0,t_shirt
105.0,383.5,t_shirt
105.5,383.0,t_shirt
105.5,382.0,t_shirt
105.5,381.0,t_shirt
105.5,380.0,t_shirt
105.5,379.0,t_shirt
106.0,378.5,t_shirt
106.5,378.0,t_shirt
106.5,377.0,t_shirt
106.5,376.0,t_shirt
106.5,375.0,t_shirt
106.5,374.0,t_shirt
106.5,373.0,t_shirt
106.5,372.0,t_shirt
106.5,371.0,t_shirt
106.5,370.0,t_shirt
106.5,369.0,t_shirt
106.5,368.0,t_shirt
106.5,367.0,t_shirt
106.0,366.5,t_shirt
105.5,366.0,t_shirt
105.5,365.0,t_shirt
105.5,364.0,t_shirt
105.5,363.0,t_shirt
105.5,362.0,t_shirt
105.5,361.0,t_shirt
105.0,360.5,t_shirt
104.5,360.0,t_shirt
104.5,359.0,t_shirt
104.5,358.0,t_shirt
104.5,357.0,t_shirt
104.5,356.0,t_shirt
104.5,355.0,t_shirt
104.5,354.0,t_shirt
104.5,353.0,t_shirt
104.5,352.0,t_shirt
104.0,351.5,t_shirt
103.5,351.0,t_shirt
103.5,350.0,t_shirt
103.5,349.0,t_shirt
103.5,348.0,t_shirt
103.5,347.0,t_shirt
103.5,346.0,t_shirt
103.5,345.0,t_shirt
103.5,344.0,t_shirt
103.5,343.0,t_shirt
103.5,342.0,t_shirt
103.5,341.0,t_shirt
103.5,340.0,t_shirt
103.5,339.0,t_shirt
103.5,338.0,t_shirt
103.5,337.0,t_shirt
103.5,336.0,t_shirt
103.5,335.0,t_shirt
103.5,334.0,t_shirt
103.5,333.0,t_shirt
103.5,332.0,t_shirt
103.5,331.0,t_shirt
103.5,330.0,t_shirt
103.5,329.0,t_shirt
103.5,328.0,t_shirt
103.5,327.0,t_shirt
103.5,326.0,t_shirt
103.5,325.0,t_shirt
103.5,324.0,t_shirt
103.5,323.0,t_shirt
103.5,322.0,t_shirt
103.5,321.0,t_shirt
103.5,320.0,t_shirt
103.5,319.0,t_shirt
103.5,318.0,t_shirt
103.5,317.0,t_shirt
103.5,316.0,t_shirt
103.5,315.0,t_shirt
103.5,314.0,t_shirt
103.5,313.0,t_shirt
103.5,312.0,t_shirt
103.5,311.0,t_shirt
103.5,310.0,t_shirt
103.5,309.0,t_shirt
103.5,308.0,t_shirt
103.5,307.0,t_shirt
103.5,306.0,t_shirt
103.5,305.0,t_shirt
103.5,304.0,t_shirt
103.5,303.0,t_shirt
103.5,302.0,t_shirt
103.5,301.0,t_shirt
103.5,300.0,t_shirt
103.5,299.0,t_shirt
103.5,298.0,t_shirt
103.5,297.0,t_shirt
103.5,296.0,t_shirt
103.5,295.0,t_shirt
103.5,294.0,t_shirt
103.5,293.0,t_shirt
103.5,292.0,t_shirt
103.5,291.0,t_shirt
103.5,290.0,t_shirt
103.5,289.0,t_shirt
103.5,288.0,t_shirt
103.5,287.0,t_shirt
103.5,286.0,t_shirt
103.5,285.0,t_shirt
103.5,284.0,t_shirt
103.5,283.0,t_shirt
103.5,282.0,t_shirt
103.5,281.0,t_shirt
103.5,280.0,t_shirt
103.5,279.0,t_shirt
103.5,278.0,t_shirt
103.5,277.0,t_shirt
103.5,276.0,t_shirt
103.5,275.0,t_shirt
103.5,274.0,t_shirt
103.5,273.0,t_shirt
103.5,272.0,t_shirt
103.5,271.0,t_shirt
103.5,270.0,t_shirt
103.5,269.0,t_shirt
103.5,268.0,t_shirt
103.5,267.0,t_shirt
103.5,266.0,t_shirt
103.5,265.0,t_shirt
103.5,264.0,t_shirt
103.5,263.0,t_shirt
103.5,262.0,t_shirt
103.5,261.0,t_shirt
103.5,260.0,t_shirt
103.5,259.0,t_shirt
103.5,258.0,t_shirt
103.5,257.0,t_shirt
103.5,256.0,t_shirt
103.5,255.0,t_shirt
103.5,254.0,t_shirt
103.5,253.0,t_shirt
104.0,252.5,t_shirt
104.5,252.0,t_shirt
104.5,251.0,t_shirt
105.0,250.5,t_shirt
105.5,250.0,t_shirt
106.0,249.5,t_shirt
107.0,249.5,t_shirt
108.0,249.5,t_shirt
109.0,249.5,t_shirt
109.5,249.0,t_shirt
110.0,248.5,t_shirt
111.0,248.5,t_shirt
111.5,248.0,t_shirt
112.0,247.5,t_shirt
113.0,247.5,t_shirt
113.5,247.0,t_shirt
114.0,246.5,t_shirt
114.5,246.0,t_shirt
115.0,245.5,t_shirt
115.5,245.0,t_shirt
116.0,244.5,t_shirt
116.5,244.0,t_shirt
117.0,243.5,t_shirt
117.5,243.0,t_shirt
118.0,242.5,t_shirt
118.5,242.0,t_shirt
119.0,241.5,t_shirt
119.5,241.0,t_shirt
120.0,240.5,t_shirt
120.5,240.0,t_shirt
121.0,239.5,t_shirt
121.5,239.0,t_shirt
122.0,238.5,t_shirt
122.5,238.0,t_shirt
123.0,237.5,t_shirt
123.5,237.0,t_shirt
124.0,236.5,t_shirt
125.0,236.5,t_shirt
125.5,236.0,t_shirt
126.0,235.5,t_shirt
127.0,235.5,t_shirt
127.5,235.0,t_shirt
128.0,234.5,t_shirt
128.5,234.0,t_shirt
129.0,233.5,t_shirt
129.5,233.0,t_shirt
130.0,232.5,t_shirt
131.0,232.5,t_shirt
131.5,232.0,t_shirt
132.0,231.5,t_shirt
133.0,231.5,t_shirt
133.5,231.0,t_shirt
134.0,230.5,t_shirt
134.5,230.0,t_shirt
135.0,229.5,t_shirt
135.5,229.0,t_shirt
136.0,228.5,t_shirt
136.5,228.0,t_shirt
137.0,227.5,t_shirt
138.0,227.5,t_shirt
138.5,227.0,t_shirt
139.0,226.5,t_shirt
139.5,226.0,t_shirt
140.0,225.5,t_shirt
140.5,225.0,t_shirt
141.0,224.5,t_shirt
141.5,224.0,t_shirt
142.0,223.5,t_shirt
143.0,223.5,t_shirt
143.5,223.0,t_shirt
143.5,222.0,t_shirt
144.0,221.5,t_shirt
144.5,221.0,t_shirt
145.0,220.5,t_shirt
145.5,220.0,t_shirt
146.0,219.5,t_shirt
146.5,219.0,t_shirt
147.0,218.5,t_shirt
147.5,218.0,t_shirt
148.0,217.5,t_shirt
148.5,217.0,t_shirt
148.5,216.0,t_shirt
149.0,215.5,t_shirt
149.5,215.0,t_shirt
150.0,214.5,t_shirt
150.5,214.0,t_shirt
150.5,213.0,t_shirt
151.0,212.5,t_shirt
151.5,212.0,t_shirt
151.5,211.0,t_shirt
152.0,210.5,t_shirt
152.5,210.0,t_shirt
152.5,209.0,t_shirt
153.0,208.5,t_shirt
153.5,208.0,t_shirt
153.5,207.0,t_shirt
154.0,206.5,t_shirt
154.5,206.0,t_shirt
154.5,205.0,t_shirt
154.5,204.0,t_shirt
154.5,203.0,t_shirt
154.5,202.0,t_shirt
155.0,201.5,t_shirt
155.5,201.0,t_shirt
155.5,200.0,t_shirt
155.5,199.0,t_shirt
155.5,198.0,t_shirt
155.5,197.0,t_shirt
155.5,196.0,t_shirt
155.5,195.0,t_shirt
155.5,194.0,t_shirt
155.5,193.0,t_shirt
155.5,192.0,t_shirt
155.5,191.0,t_shirt
156.0,190.5,t_shirt
156.5,190.0,t_shirt
156.5,189.0,t_shirt
156.5,188.0,t_shirt
156.5,187.0,t_shirt
156.5,186.0,t_shirt
156.5,185.0,t_shirt
156.5,184.0,t_shirt
156.5,183.0,t_shirt
156.5,182.0,t_shirt
157.0,181.5,t_shirt
157.5,181.0,t_shirt
157.5,180.0,t_shirt
157.5,179.0,t_shirt
157.5,178.0,t_shirt
157.5,177.0,t_shirt
157.5,176.0,t_shirt
157.5,175.0,t_shirt
157.5,174.0,t_shirt
157.5,173.0,t_shirt
157.5,172.0,t_shirt
157.5,171.0,t_shirt
157.5,170.0,t_shirt
157.5,169.0,t_shirt
157.5,168.0,t_shirt
157.5,167.0,t_shirt
157.5,166.0,t_shirt
157.5,165.0,t_shirt
157.5,164.0,t_shirt
157.5,163.0,t_shirt
157.0,162.5,t_shirt
156.5,162.0,t_shirt
156.5,161.0,t_shirt
156.5,160.0,t_shirt
156.5,159.0,t_shirt
156.5,158.0,t_shirt
156.5,157.0,t_shirt
156.0,156.5,t_shirt
155.5,156.0,t_shirt
155.5,155.0,t_shirt
155.5,154.0,t_shirt
155.5,153.0,t_shirt
155.5,152.0,t_shirt
155.5,151.0,t_shirt
155.5,150.0,t_shirt
155.5,149.0,t_shirt
155.5,148.0,t_shirt
155.5,147.0,t_shirt
155.5,146.0,t_shirt
155.5,145.0,t_shirt
155.5,144.0,t_shirt
155.5,143.0,t_shirt
155.0,142.5,t_shirt
154.5,142.0,t_shirt
154.5,141.0,t_shirt
154.5,140.0,t_shirt
154.0,139.5,t_shirt
153.5,139.0,t_shirt
153.0,138.5,t_shirt
152.5,138.0,t_shirt
152.5,137.0,t_shirt
152.5,136.0,t_shirt
152.0,135.5,t_shirt
151.5,135.0,t_shirt
151.5,134.0,t_shirt
151.5,133.0,t_shirt
151.0,132.5,t_shirt
150.5,132.0,t_shirt
150.5,131.0,t_shirt
150.0,130.5,t_shirt
149.5,130.0,t_shirt
149.0,129.5,t_shirt
148.5,129.0,t_shirt
148.5,128.0,t_shirt
148.0,127.5,t_shirt
147.5,127.0,t_shirt
147.5,126.0,t_shirt
147.5,125.0,t_shirt
147.0,124.5,t_shirt
146.5,124.0,t_shirt
146.0,123.5,t_shirt
145.5,123.0,t_shirt
145.0,122.5,t_shirt
144.5,122.0,t_shirt
144.5,121.0,t_shirt
144.5,120.0,t_shirt
144.5,119.0,t_shirt
144.0,118.5,t_shirt
143.5,118.0,t_shirt
144.0,117.5,t_shirt
144.5,117.0,t_shirt
145.0,116.5,t_shirt
146.0,116.5,t_shirt
146.5,116.0,t_shirt
147.0,115.5,t_shirt
148.0,115.5,t_shirt
149.0,115.5,t_shirt
150.0,115.5,t_shirt
150.5,115.0,t_shirt
151.0,114.5,t_shirt
151.5,114.0,t_shirt
152.0,113.5,t_shirt
152.5,113.0,t_shirt
153.0,112.5,t_shirt
153.5,112.0,t_shirt
154.0,111.5,t_shirt
155.0,111.5,t_shirt
156.0,111.5,t_shirt
157.0,111.5,t_shirt
158.0,111.5,t_shirt
159.0,111.5,t_shirt
160.0,111.5,t_shirt
160.5,111.0,t_shirt
161.0,110.5,t_shirt
162.0,110.5,t_shirt
162.5,110.0,t_shirt
163.0,109.5,t_shirt
163.5,109.0,t_shirt
164.0,108.5,t_shirt
164.5,108.0,t_shirt
165.0,107.5,t_shirt
166.0,107.5,t_shirt
167.0,107.5,t_shirt
168.0,107.5,t_shirt
169.0,107.5,t_shirt
170.0,107.5,t_shirt
171.0,107.5,t_shirt
172.0,107.5,t_shirt
173.0,107.5,t_shirt
173.5,107.0,t_shirt
174.0,106.5,t_shirt
175.0,106.5,t_shirt
175.5,106.0,t_shirt
176.0,105.5,t_shirt
176.5,105.0,t_shirt
177.0,104.5,t_shirt
178.0,104.5,t_shirt
179.0,104.5,t_shirt
179.5,104.0,t_shirt
180.0,103.5,t_shirt
181.0,103.5,t_shirt
182.0,103.5,t_shirt
183.0,103.5,t_shirt
184.0,103.5,t_shirt
185.0,103.5,t_shirt
186.0,103.5,t_shirt
187.0,103.5,t_shirt
188.0,103.5,t_shirt
189.0,103.5,t_shirt
189.5,103.0,t_shirt
190.0,102.5,t_shirt
191.0,102.5,t_shirt
191.5,102.0,t_shirt
191.5,101.0,t_shirt
192.0,100.5,t_shirt
193.0,100.5,t_shirt
193.5,100.0,t_shirt
194.0,99.5,t_shirt
195.0,99.5,t_shirt
196.0,99.5,t_shirt
197.0,99.5,t_shirt
198.0,99.5,t_shirt
199.0,99.5,t_shirt
200.0,99.5,t_shirt
201.0,99.5,t_shirt
202.0,99.5,t_shirt
202.5,99.0,t_shirt
203.0,98.5,t_shirt
203.5,98.0,t_shirt
204.0,97.5,t_shirt
204.5,97.0,t_shirt
205.0,96.5,t_shirt
205.5,96.0,t_shirt
206.0,95.5,t_shirt
206.5,96.0,t_shirt
207.0,96.5,t_shirt
208.0,96.5,t_shirt
209.0,96.5,t_shirt
210.0,96.5,t_shirt
210.5,97.0,t_shirt
210.5,98.0,t_shirt
211.0,98.5,t_shirt
211.5,99.0,t_shirt
211.5,100.0,t_shirt
211.5,101.0,t_shirt
211.5,102.0,t_shirt
211.5,103.0,t_shirt
211.5,104.0,t_shirt
211.5,105.0,t_shirt
211.5,106.0,t_shirt
211.5,107.0,t_shirt
211.5,108.0,t_shirt
211.5,109.0,t_shirt
211.5,110.0,t_shirt
211.5,111.0,t_shirt
211.5,112.0,t_shirt
212.0,112.5,t_shirt
212.5,113.0,t_shirt
212.5,114.0,t_shirt
213.0,114.5,t_shirt
213.5,115.0,t_shirt
214.0,115.5,t_shirt
214.5,116.0,t_shirt
215.0,116.5,t_shirt
215.5,117.0,t_shirt
215.5,118.0,t_shirt
215.5,119.0,t_shirt
215.5,120.0,t_shirt
216.0,120.5,t_shirt
216.5,121.0,t_shirt
216.5,122.0,t_shirt
217.0,122.5,t_shirt
217.5,123.0,t_shirt
218.0,123.5,t_shirt
218.5,124.0,t_shirt
219.0,124.5,t_shirt
219.5,125.0,t_shirt
219.5,126.0,t_shirt
219.5,127.0,t_shirt
220.0,127.5,t_shirt
220.5,128.0,t_shirt
221.0,128.5,t_shirt
221.5,129.0,t_shirt
222.0,129.5,t_shirt
222.5,130.0,t_shirt
222.5,131.0,t_shirt
223.0,131.5,t_shirt
223.5,132.0,t_shirt
223.5,133.0,t_shirt
223.5,134.0,t_shirt
224.0,134.5,t_shirt
224.5,135.0,t_shirt
225.0,135.5,t_shirt
225.5,136.0,t_shirt
226.0,136.5,t_shirt
226.5,137.0,t_shirt
226.5,138.0,t_shirt
227.0,138.5,t_shirt
227.5,139.0,t_shirt
227.5,140.0,t_shirt
227.5,141.0,t_shirt
228.0,141.5,t_shirt
228.5,142.0,t_shirt
229.0,142.5,t_shirt
229.5,143.0,t_shirt
230.0,143.5,t_shirt
230.5,144.0,t_shirt
231.0,144.5,t_shirt
231.5,145.0,t_shirt
232.0,145.5,t_shirt
232.5,146.0,t_shirt
233.0,146.5,t_shirt
233.5,147.0,t_shirt
234.0,147.5,t_shirt
235.0,147.5,t_shirt
235.5,148.0,t_shirt
236.0,148.5,t_shirt
236.5,149.0,t_shirt
237.0,149.5,t_shirt
237.5,150.0,t_shirt
238.0,150.5,t_shirt
239.0,150.5,t_shirt
239.5,151.0,t_shirt
240.0,151.5,t_shirt
241.0,151.5,t_shirt
242.0,151.5,t_shirt
242.5,152.0,t_shirt
243.0,152.5,t_shirt
243.5,153.0,t_shirt
244.0,153.5,t_shirt
244.5,154.0,t_shirt
245.0,154.5,t_shirt
246.0,154.5,t_shirt
246.5,155.0,t_shirt
247.0,155.5,t_shirt
248.0,155.5,t_shirt
249.0,155.5,t_shirt
250.0,155.5,t_shirt
251.0,155.5,t_shirt
252.0,155.5,t_shirt
253.0,155.5,t_shirt
254.0,155.5,t_shirt
255.0,155.5,t_shirt
256.0,155.5,t_shirt
257.0,155.5,t_shirt
258.0,155.5,t_shirt
259.0,155.5,t_shirt
260.0,155.5,t_shirt
261.0,155.5,t_shirt
262.0,155.5,t_shirt
263.0,155.5,t_shirt
264.0,155.5,t_shirt
265.0,155.5,t_shirt
266.0,155.5,t_shirt
267.0,155.5,t_shirt
268.0,155.5,t_shirt
269.0,155.5,t_shirt
270.0,155.5,t_shirt
271.0,155.5,t_shirt
272.0,155.5,t_shirt
272.5,155.0,t_shirt
273.0,154.5,t_shirt
274.0,154.5,t_shirt
274.5,154.0,t_shirt
275.0,153.5,t_shirt
275.5,153.0,t_shirt
276.0,152.5,t_shirt
276.5,152.0,t_shirt
277.0,151.5,t_shirt
278.0,151.5,t_shirt
278.5,151.0,t_shirt
279.0,150.5,t_shirt
279.5,150.0,t_shirt
280.0,149.5,t_shirt
280.5,149.0,t_shirt
281.0,148.5,t_shirt
282.0,148.5,t_shirt
282.5,148.0,t_shirt
283.0,147.5,t_shirt
283.5,147.0,t_shirt
284.0,146.5,t_shirt
285.0,146.5,t_shirt
285.5,146.0,t_shirt
286.0,145.5,t_shirt
286.5,145.0,t_shirt
286.5,144.0,t_shirt
287.0,143.5,t_shirt
287.5,143.0,t_shirt
288.0,142.5,t_shirt
288.5,142.0,t_shirt
289.0,141.5,t_shirt
289.5,141.0,t_shirt
290.0,140.5,t_shirt
290.5,140.0,t_shirt
290.5,139.0,t_shirt
291.0,138.5,t_shirt
291.5,138.0,t_shirt
291.5,137.0,t_shirt
292.0,136.5,t_shirt
292.5,136.0,t_shirt
293.0,135.5,t_shirt
294.0,135.5,t_shirt
294.5,135.0,t_shirt
295.0,134.5,t_shirt
295.5,134.0,t_shirt
295.5,133.0,t_shirt
295.5,132.0,t_shirt
296.0,131.5,t_shirt
296.5,131.0,t_shirt
296.5,130.0,t_shirt
296.5,129.0,t_shirt
297.0,128.5,t_shirt
298.0,128.5,t_shirt
298.5,128.0,t_shirt
298.5,127.0,t_shirt
299.0,126.5,t_shirt
299.5,126.0,t_shirt
299.5,125.0,t_shirt
299.5,124.0,t_shirt
299.5,123.0,t_shirt
299.5,122.0,t_shirt
299.5,121.0,t_shirt
300.0,120.5,t_shirt
300.5,120.0,t_shirt
300.5,119.0,t_shirt
301.0,118.5,t_shirt
301.5,118.0,t_shirt
302.0,117.5,t_shirt
302.5,117.0,t_shirt
302.5,116.0,t_shirt
303.0,115.5,t_shirt
303.5,115.0,t_shirt
303.5,114.0,t_shirt
303.5,113.0,t_shirt
303.5,112.0,t_shirt
303.5,111.0,t_shirt
303.5,110.0,t_shirt
303.5,109.0,t_shirt
303.5,108.0,t_shirt
303.5,107.0,t_shirt
303.5,106.0,t_shirt
303.5,105.0,t_shirt
304.0,104.5,t_shirt
304.5,104.0,t_shirt
304.5,103.0,t_shirt
304.5,102.0,t_shirt
304.5,101.0,t_shirt
304.5,100.0,t_shirt
305.0,99.5,t_shirt
305.5,99.0,t_shirt
306.0,98.5,t_shirt
307.0,98.5,t_shirt
307.5,99.0,t_shirt
308.0,99.5,t_shirt
309.0,99.5,t_shirt
310.0,99.5,t_shirt
310.5,100.0,t_shirt
311.0,100.5,t_shirt
312.0,100.5,t_shirt
312.5,101.0,t_shirt
312.5,102.0,t_shirt
313.0,102.5,t_shirt
314.0,102.5,t_shirt
315.0,102.5,t_shirt
315.5,103.0,t_shirt
316.0,103.5,t_shirt
317.0,103.5,t_shirt
318.0,103.5,t_shirt
319.0,103.5,t_shirt
320.0,103.5,t_shirt
321.0,103.5,t_shirt
322.0,103.5,t_shirt
322.5,104.0,t_shirt
323.0,104.5,t_shirt
324.0,104.5,t_shirt
324.5,105.0,t_shirt
325.0,105.5,t_shirt
325.5,106.0,t_shirt
326.0,106.5,t_shirt
327.0,106.5,t_shirt
327.5,107.0,t_shirt
328.0,107.5,t_shirt
329.0,107.5,t_shirt
330.0,107.5,t_shirt
331.0,107.5,t_shirt
332.0,107.5,t_shirt
333.0,107.5,t_shirt
334.0,107.5,t_shirt
334.5,108.0,t_shirt
335.0,108.5,t_shirt
335.5,109.0,t_shirt
336.0,109.5,t_shirt
336.5,110.0,t_shirt
337.0,110.5,t_shirt
338.0,110.5,t_shirt
338.5,111.0,t_shirt
339.0,111.5,t_shirt
340.0,111.5,t_shirt
341.0,111.5,t_shirt
342.0,111.5,t_shirt
343.0,111.5,t_shirt
343.5,112.0,t_shirt
344.0,112.5,t_shirt
345.0,112.5,t_shirt
345.5,113.0,t_shirt
346.0,113.5,t_shirt
346.5,114.0,t_shirt
347.0,114.5,t_shirt
348.0,114.5,t_shirt
348.5,115.0,t_shirt
349.0,115.5,t_shirt
350.0,115.5,t_shirt
351.0,115.5,t_shirt
352.0,115.5,t_shirt
353.0,115.5,t_shirt
353.5,116.0,t_shirt
354.0,116.5,t_shirt
354.5,117.0,t_shirt
355.0,117.5,t_shirt
355.5,118.0,t_shirt
356.0,118.5,t_shirt
356.5,119.0,t_shirt
357.0,119.5,t_shirt
358.0,119.5,t_shirt
359.0,119.5,t_shirt
360.0,119.5,t_shirt
361.0,119.5,t_shirt
362.0,119.5,t_shirt
362.5,120.0,t_shirt
363.0,120.5,t_shirt
363.5,121.0,t_shirt
363.5,122.0,t_shirt
364.0,122.5,t_shirt
364.5,123.0,t_shirt
365.0,123.5,t_shirt
366.0,123.5,t_shirt
367.0,123.5,t_shirt
368.0,123.5,t_shirt
369.0,123.5,t_shirt
370.0,123.5,t_shirt
370.5,124.0,t_shirt
371.0,124.5,t_shirt
371.5,125.0,t_shirt
372.0,125.5,t_shirt
372.5,126.0,t_shirt
373.0,126.5,t_shirt
373.5,127.0,t_shirt
374.0,127.5,t_shirt
374.5,128.0,t_shirt
374.5,129.0,t_shirt
374.5,130.0,t_shirt
374.5,131.0,t_shirt
374.0,131.5,t_shirt
373.5,132.0,t_shirt
373.5,133.0,t_shirt
373.5,134.0,t_shirt
373.0,134.5,t_shirt
372.5,135.0,t_shirt
372.5,136.0,t_shirt
372.0,136.5,t_shirt
371.5,137.0,t_shirt
371.5,138.0,t_shirt
371.5,139.0,t_shirt
371.5,140.0,t_shirt
371.0,140.5,t_shirt
370.5,141.0,t_shirt
370.5,142.0,t_shirt
370.5,143.0,t_shirt
370.0,143.5,t_shirt
369.5,144.0,t_shirt
369.0,144.5,t_shirt
368.5,145.0,t_shirt
368.5,146.0,t_shirt
368.0,146.5,t_shirt
367.5,147.0,t_shirt
367.5,148.0,t_shirt
367.5,149.0,t_shirt
367.5,150.0,t_shirt
367.0,150.5,t_shirt
366.5,151.0,t_shirt
366.5,152.0,t_shirt
366.5,153.0,t_shirt
366.5,154.0,t_shirt
366.5,155.0,t_shirt
366.0,155.5,t_shirt
365.5,156.0,t_shirt
365.5,157.0,t_shirt
365.0,157.5,t_shirt
364.5,158.0,t_shirt
364.5,159.0,t_shirt
364.0,159.5,t_shirt
363.5,160.0,t_shirt
363.5,161.0,t_shirt
363.5,162.0,t_shirt
363.5,163.0,t_shirt
363.5,164.0,t_shirt
363.5,165.0,t_shirt
363.0,165.5,t_shirt
362.5,166.0,t_shirt
362.5,167.0,t_shirt
362.5,168.0,t_shirt
362.5,169.0,t_shirt
362.5,170.0,t_shirt
362.5,171.0,t_shirt
362.5,172.0,t_shirt
362.5,173.0,t_shirt
362.0,173.5,t_shirt
361.5,174.0,t_shirt
361.5,175.0,t_shirt
361.5,176.0,t_shirt
361.5,177.0,t_shirt
361.5,178.0,t_shirt
361.5,179.0,t_shirt
361.5,180.0,t_shirt
361.5,181.0,t_shirt
361.5,182.0,t_shirt
361.5,183.0,t_shirt
361.5,184.0,t_shirt
361.5,185.0,t_shirt
361.5,186.0,t_shirt
361.5,187.0,t_shirt
361.5,188.0,t_shirt
361.5,189.0,t_shirt
361.5,190.0,t_shirt
361.5,191.0,t_shirt
361.5,192.0,t_shirt
361.5,193.0,t_shirt
361.5,194.0,t_shirt
361.5,195.0,t_shirt
361.5,196.0,t_shirt
361.5,197.0,t_shirt
362.0,197.5,t_shirt
362.5,198.0,t_shirt
362.5,199.0,t_shirt
362.5,200.0,t_shirt
362.5,201.0,t_shirt
362.5,202.0,t_shirt
362.5,203.0,t_shirt
362.5,204.0,t_shirt
362.5,205.0,t_shirt
362.5,206.0,t_shirt
363.0,206.5,t_shirt
363.5,207.0,t_shirt
363.5,208.0,t_shirt
363.5,209.0,t_shirt
363.5,210.0,t_shirt
363.5,211.0,t_shirt
363.5,212.0,t_shirt
363.5,213.0,t_shirt
363.5,214.0,t_shirt
363.5,215.0,t_shirt
363.5,216.0,t_shirt
363.5,217.0,t_shirt
363.5,218.0,t_shirt
363.5,219.0,t_shirt
363.5,220.0,t_shirt
364.0,220.5,t_shirt
364.5,221.0,t_shirt
364.5,222.0,t_shirt
365.0,222.5,t_shirt
365.5,223.0,t_shirt
366.0,223.5,t_shirt
366.5,224.0,t_shirt
366.5,225.0,t_shirt
367.0,225.5,t_shirt
367.5,226.0,t_shirt
367.5,227.0,t_shirt
367.5,228.0,t_shirt
368.0,228.5,t_shirt
368.5,229.0,t_shirt
368.5,230.0,t_shirt
369.0,230.5,t_shirt
370.0,230.5,t_shirt
370.5,231.0,t_shirt
370.5,232.0,t_shirt
371.0,232.5,t_shirt
371.5,233.0,t_shirt
372.0,233.5,t_shirt
372.5,234.0,t_shirt
373.0,234.5,t_shirt
373.5,235.0,t_shirt
374.0,235.5,t_shirt
374.5,236.0,t_shirt
375.0,236.5,t_shirt
375.5,237.0,t_shirt
375.5,238.0,t_shirt
376.0,238.5,t_shirt
376.5,239.0,t_shirt
377.0,239.5,t_shirt
377.5,240.0,t_shirt
378.0,240.5,t_shirt
378.5,241.0,t_shirt
379.0,241.5,t_shirt
379.5,242.0,t_shirt
380.0,242.5,t_shirt
380.5,243.0,t_shirt
381.0,243.5,t_shirt
382.0,243.5,t_shirt
383.0,243.5,t_shirt
383.5,244.0,t_shirt
384.0,244.5,t_shirt
385.0,244.5,t_shirt
386.0,244.5,t_shirt
386.5,245.0,t_shirt
387.0,245.5,t_shirt
388.0,245.5,t_shirt
388.5,246.0,t_shirt
389.0,246.5,t_shirt
389.5,247.0,t_shirt
390.0,247.5,t_shirt
391.0,247.5,t_shirt
392.0,247.5,t_shirt
392.5,248.0,t_shirt
393.0,248.5,t_shirt
394.0,248.5,t_shirt
394.5,249.0,t_shirt
395.0,249.5,t_shirt
395.5,250.0,t_shirt
396.0,250.5,t_shirt
396.5,251.0,t_shirt
397.0,251.5,t_shirt
398.0,251.5,t_shirt
398.5,252.0,t_shirt
399.0,252.5,t_shirt
400.0,252.5,t_shirt
400.5,253.0,t_shirt
401.0,253.5,t_shirt
402.0,253.5,t_shirt
403.0,253.5,t_shirt
403.5,254.0,t_shirt
404.0,254.5,t_shirt
405.0,254.5,t_shirt
405.5,255.0,t_shirt
406.0,255.5,t_shirt
406.5,256.0,t_shirt
406.5,257.0,t_shirt
406.5,258.0,t_shirt
406.5,259.0,t_shirt
407.0,259.5,t_shirt
407.5,260.0,t_shirt
407.5,261.0,t_shirt
407.5,262.0,t_shirt
407.5,263.0,t_shirt
407.5,264.0,t_shirt
407.5,265.0,t_shirt
407.5,266.0,t_shirt
407.5,267.0,t_shirt
407.5,268.0,t_shirt
407.5,269.0,t_shirt
407.5,270.0,t_shirt
407.5,271.0,t_shirt
407.5,272.0,t_shirt
407.5,273.0,t_shirt
407.5,274.0,t_shirt
407.0,274.5,t_shirt
406.5,275.0,t_shirt
406.5,276.0,t_shirt
406.5,277.0,t_shirt
406.5,278.0,t_shirt
406.5,279.0,t_shirt
406.5,280.0,t_shirt
406.5,281.0,t_shirt
406.5,282.0,t_shirt
406.5,283.0,t_shirt
406.5,284.0,t_shirt
406.5,285.0,t_shirt
406.5,286.0,t_shirt
406.5,287.0,t_shirt
406.5,288.0,t_shirt
406.5,289.0,t_shirt
406.5,290.0,t_shirt
406.5,291.0,t_shirt
406.5,292.0,t_shirt
406.5,293.0,t_shirt
406.5,294.0,t_shirt
406.5,295.0,t_shirt
406.5,296.0,t_shirt
406.5,297.0,t_shirt
406.5,298.0,t_shirt
406.5,299.0,t_shirt
406.5,300.0,t_shirt
406.5,301.0,t_shirt
407.0,301.5,t_shirt
407.5,302.0,t_shirt
407.5,303.0,t_shirt
407.5,304.0,t_shirt
407.5,305.0,t_shirt
407.5,306.0,t_shirt
407.5,307.0,t_shirt
407.5,308.0,t_shirt
407.5,309.0,t_shirt
407.5,310.0,t_shirt
407.5,311.0,t_shirt
407.5,312.0,t_shirt
407.5,313.0,t_shirt
407.5,314.0,t_shirt
407.5,315.0,t_shirt
407.5,316.0,t_shirt
407.5,317.0,t_shirt
407.5,318.0,t_shirt
407.5,319.0,t_shirt
407.5,320.0,t_shirt
407.5,321.0,t_shirt
407.5,322.0,t_shirt
407.5,323.0,t_shirt
407.5,324.0,t_shirt
407.5,325.0,t_shirt
407.5,326.0,t_shirt
407.5,327.0,t_shirt
407.5,328.0,t_shirt
407.5,329.0,t_shirt
407.5,330.0,t_shirt
407.5,331.0,t_shirt
407.5,332.0,t_shirt
407.5,333.0,t_shirt
407.5,334.0,t_shirt
407.5,335.0,t_shirt
407.5,336.0,t_shirt
407.5,337.0,t_shirt
407.5,338.0,t_shirt
407.5,339.0,t_shirt
407.5,340.0,t_shirt
407.5,341.0,t_shirt
407.5,342.0,t_shirt
407.5,343.0,t_shirt
407.5,344.0,t_shirt
407.5,345.0,t_shirt
407.5,346.0,t_shirt
407.5,347.0,t_shirt
407.5,348.0,t_shirt
407.5,349.0,t_shirt
407.5,350.0,t_shirt
407.5,351.0,t_shirt
407.5,352.0,t_shirt
407.5,353.0,t_shirt
407.5,354.0,t_shirt
407.5,355.0,t_shirt
407.5,356.0,t_shirt
407.5,357.0,t_shirt
407.0,357.5,t_shirt
406.5,358.0,t_shirt
406.5,359.0,t_shirt
406.5,360.0,t_shirt
406.5,361.0,t_shirt
406.5,362.0,t_shirt
406.0,362.5,t_shirt
405.5,363.0,t_shirt
405.5,364.0,t_shirt
405.5,365.0,t_shirt
405.5,366.0,t_shirt
405.0,366.5,t_shirt
404.5,367.0,t_shirt
404.5,368.0,t_shirt
404.5,369.0,t_shirt
404.5,370.0,t_shirt
404.5,371.0,t_shirt
404.5,372.0,t_shirt
404.5,373.0,t_shirt
404.5,374.0,t_shirt
404.5,375.0,t_shirt
404.5,376.0,t_shirt
404.5,377.0,t_shirt
404.0,377.5,t_shirt
403.5,378.0,t_shirt
403.5,379.0,t_shirt
403.5,380.0,t_shirt
403.5,381.0,t_shirt
403.5,382.0,t_shirt
403.5,383.0,t_shirt
403.5,384.0,t_shirt
403.5,385.0,t_shirt
403.5,386.0,t_shirt
403.5,387.0,t_shirt
403.5,388.0,t_shirt
403.5,389.0,t_shirt
403.5,390.0,t_shirt
403.5,391.0,t_shirt
403.5,392.0,t_shirt
403.5,393.0,t_shirt
404.0,393.5,t_shirt
404.5,394.0,t_shirt
404.5,395.0,t_shirt
404.5,396.0,t_shirt
404.5,397.0,t_shirt
404.5,398.0,t_shirt
405.0,398.5,t_shirt
405.5,399.0,t_shirt
406.0,399.5,t_shirt
406.5,400.0,t_shirt
406.5,401.0,t_shirt
406.5,402.0,t_shirt
406.5,403.0,t_shirt
407.0,403.5,t_shirt
407.5,404.0,t_shirt
407.5,405.0,t_shirt
407.5,406.0,t_shirt
407.5,407.0,t_shirt
407.5,408.0,t_shirt
407.5,409.0,t_shirt
407.5,410.0,t_shirt
407.5,411.0,t_shirt
407.5,412.0,t_shirt
407.5,413.0,t_shirt
407.5,414.0,t_shirt
407.5,415.0,t_shirt
407.5,416.0,t_shirt
407.5,417.0,t_shirt
407.5,418.0,t_shirt
407.5,419.0,t_shirt
407.5,420.0,t_shirt
407.5,421.0,t_shirt
407.5,422.0,t_shirt
407.5,423.0,t_shirt
407.5,424.0,t_shirt
407.5,425.0,t_shirt
407.5,426.0,t_shirt
407.5,427.0,t_shirt
407.5,428.0,t_shirt
407.5,429.0,t_shirt
407.5,430.0,t_shirt
407.5,431.0,t_shirt
407.5,432.0,t_shirt
407.0,432.5,t_shirt
406.5,433.0,t_shirt
406.5,434.0,t_shirt
406.5,435.0,t_shirt
406.5,436.0,t_shirt
406.5,437.0,t_shirt
406.5,438.0,t_shirt
406.5,439.0,t_shirt
406.5,440.0,t_shirt
406.5,441.0,t_shirt
406.0,441.5,t_shirt
405.5,442.0,t_shirt
405.5,443.0,t_shirt
405.5,444.0,t_shirt
405.5,445.0,t_shirt
405.0,445.5,t_shirt
404.5,446.0,t_shirt
404.5,447.0,t_shirt
404.5,448.0,t_shirt
404.5,449.0,t_shirt
404.5,450.0,t_shirt
404.5,451.0,t_shirt
404.5,452.0,t_shirt
404.0,452.5,t_shirt
403.5,453.0,t_shirt
403.5,454.0,t_shirt
403.5,455.0,t_shirt
403.5,456.0,t_shirt
403.5,457.0,t_shirt
403.5,458.0,t_shirt
403.5,459.0,t_shirt
403.5,460.0,t_shirt
403.5,461.0,t_shirt
403.5,462.0,t_shirt
403.5,463.0,t_shirt
403.5,464.0,t_shirt
403.5,465.0,t_shirt
403.5,466.0,t_shirt
403.5,467.0,t_shirt
403.5,468.0,t_shirt
403.5,469.0,t_shirt
403.5,470.0,t_shirt
403.5,471.0,t_shirt
403.5,472.0,t_shirt
403.5,473.0,t_shirt
403.5,474.0,t_shirt
403.5,475.0,t_shirt
403.5,476.0,t_shirt
403.5,477.0,t_shirt
403.5,478.0,t_shirt
403.5,479.0,t_shirt
403.5,480.0,t_shirt
403.5,481.0,t_shirt
403.5,482.0,t_shirt
403.5,483.0,t_shirt
403.5,484.0,t_shirt
403.5,485.0,t_shirt
403.5,486.0,t_shirt
403.5,487.0,t_shirt
403.5,488.0,t_shirt
403.5,489.0,t_shirt
403.5,490.0,t_shirt
403.5,491.0,t_shirt
403.5,492.0,t_shirt
403.5,493.0,t_shirt
403.5,494.0,t_shirt
403.5,495.0,t_shirt
403.5,496.0,t_shirt
403.5,497.0,t_shirt
403.5,498.0,t_shirt
403.5,499.0,t_shirt
403.5,500.0,t_shirt
403.5,501.0,t_shirt
403.5,502.0,t_shirt
403.5,503.0,t_shirt
404.0,503.5,t_shirt
404.5,504.0,t_shirt
404.5,505.0,t_shirt
404.0,505.5,t_shirt
403.5,506.0,t_shirt
403.0,506.5,t_shirt
402.5,507.0,t_shirt
402.0,507.5,t_shirt
158.0,498.5,mobile
157.0,498.5,mobile
156.0,498.5,mobile
155.0,498.5,mobile
154.0,498.5,mobile
153.0,498.5,mobile
152.0,498.5,mobile
151.0,498.5,mobile
150.0,498.5,mobile
149.0,498.5,mobile
148.5,498.0,mobile
148.0,497.5,mobile
147.5,497.0,mobile
147.5,496.0,mobile
147.5,495.0,mobile
147.5,494.0,mobile
147.5,493.0,mobile
147.5,492.0,mobile
147.5,491.0,mobile
147.5,490.0,mobile
147.5,489.0,mobile
147.5,488.0,mobile
147.5,487.0,mobile
147.5,486.0,mobile
147.5,485.0,mobile
147.5,484.0,mobile
147.5,483.0,mobile
147.5,482.0,mobile
147.5,481.0,mobile
147.5,480.0,mobile
147.5,479.0,mobile
147.5,478.0,mobile
147.5,477.0,mobile
147.5,476.0,mobile
147.5,475.0,mobile
147.5,474.0,mobile
147.5,473.0,mobile
147.5,472.0,mobile
147.5,471.0,mobile
147.5,470.0,mobile
147.5,469.0,mobile
147.5,468.0,mobile
147.5,467.0,mobile
147.5,466.0,mobile
147.5,465.0,mobile
147.5,464.0,mobile
147.5,463.0,mobile
147.5,462.0,mobile
147.5,461.0,mobile
147.5,460.0,mobile
147.5,459.0,mobile
147.5,458.0,mobile
147.5,457.0,mobile
147.5,456.0,mobile
147.5,455.0,mobile
147.5,454.0,mobile
147.5,453.0,mobile
147.5,452.0,mobile
147.5,451.0,mobile
147.5,450.0,mobile
147.5,449.0,mobile
147.5,448.0,mobile
147.5,447.0,mobile
147.5,446.0,mobile
147.5,445.0,mobile
147.5,444.0,mobile
147.5,443.0,mobile
147.5,442.0,mobile
147.5,441.0,mobile
147.5,440.0,mobile
147.5,439.0,mobile
147.5,438.0,mobile
147.5,437.0,mobile
147.5,436.0,mobile
147.5,435.0,mobile
147.5,434.0,mobile
147.5,433.0,mobile
147.5,432.0,mobile
147.5,431.0,mobile
147.5,430.0,mobile
147.5,429.0,mobile
147.5,428.0,mobile
147.5,427.0,mobile
147.5,426.0,mobile
147.5,425.0,mobile
147.5,424.0,mobile
147.5,423.0,mobile
147.5,422.0,mobile
147.5,421.0,mobile
147.5,420.0,mobile
147.5,419.0,mobile
147.5,418.0,mobile
147.5,417.0,mobile
147.5,416.0,mobile
147.5,415.0,mobile
147.5,414.0,mobile
147.5,413.0,mobile
147.5,412.0,mobile
147.5,411.0,mobile
147.5,410.0,mobile
147.5,409.0,mobile
147.5,408.0,mobile
147.5,407.0,mobile
147.5,406.0,mobile
147.5,405.0,mobile
147.5,404.0,mobile
147.5,403.0,mobile
147.5,402.0,mobile
147.5,401.0,mobile
148.0,400.5,mobile
148.5,400.0,mobile
149.0,399.5,mobile
150.0,399.5,mobile
151.0,399.5,mobile
152.0,399.5,mobile
153.0,399.5,mobile
154.0,399.5,mobile
155.0,399.5,mobile
156.0,399.5,mobile
157.0,399.5,mobile
158.0,399.5,mobile
159.0,399.5,mobile
160.0,399.5,mobile
161.0,399.5,mobile
162.0,399.5,mobile
163.0,399.5,mobile
164.0,399.5,mobile
165.0,399.5,mobile
166.0,399.5,mobile
167.0,399.5,mobile
168.0,399.5,mobile
169.0,399.5,mobile
170.0,399.5,mobile
171.0,399.5,mobile
172.0,399.5,mobile
173.0,399.5,mobile
174.0,399.5,mobile
175.0,399.5,mobile
176.0,399.5,mobile
177.0,399.5,mobile
178.0,399.5,mobile
179.0,399.5,mobile
180.0,399.5,mobile
181.0,399.5,mobile
182.0,399.5,mobile
183.0,399.5,mobile
184.0,399.5,mobile
185.0,399.5,mobile
186.0,399.5,mobile
187.0,399.5,mobile
188.0,399.5,mobile
188.5,400.0,mobile
189.0,400.5,mobile
190.0,400.5,mobile
190.5,401.0,mobile
190.5,402.0,mobile
190.5,403.0,mobile
191.0,403.5,mobile
191.5,404.0,mobile
191.5,405.0,mobile
191.5,406.0,mobile
191.5,407.0,mobile
191.5,408.0,mobile
191.5,409.0,mobile
191.5,410.0,mobile
191.5,411.0,mobile
191.5,412.0,mobile
191.5,413.0,mobile
191.5,414.0,mobile
191.5,415.0,mobile
191.5,416.0,mobile
191.5,417.0,mobile
191.5,418.0,mobile
191.5,419.0,mobile
191.5,420.0,mobile
191.5,421.0,mobile
191.5,422.0,mobile
191.5,423.0,mobile
191.5,424.0,mobile
191.5,425.0,mobile
191.5,426.0,mobile
191.5,427.0,mobile
191.5,428.0,mobile
191.5,429.0,mobile
191.5,430.0,mobile
191.5,431.0,mobile
191.5,432.0,mobile
191.5,433.0,mobile
191.5,434.0,mobile
191.5,435.0,mobile
191.5,436.0,mobile
191.5,437.0,mobile
191.5,438.0,mobile
191.5,439.0,mobile
191.5,440.0,mobile
191.5,441.0,mobile
191.5,442.0,mobile
191.5,443.0,mobile
191.5,444.0,mobile
191.5,445.0,mobile
191.5,446.0,mobile
191.5,447.0,mobile
191.5,448.0,mobile
191.5,449.0,mobile
191.5,450.0,mobile
191.5,451.0,mobile
191.5,452.0,mobile
191.5,453.0,mobile
191.5,454.0,mobile
191.5,455.0,mobile
191.5,456.0,mobile
191.5,457.0,mobile
191.0,457.5,mobile
190.5,458.0,mobile
190.5,459.0,mobile
190.5,460.0,mobile
190.5,461.0,mobile
190.5,462.0,mobile
190.5,463.0,mobile
190.0,463.5,mobile
189.5,464.0,mobile
189.5,465.0,mobile
189.5,466.0,mobile
189.5,467.0,mobile
189.0,467.5,mobile
188.5,468.0,mobile
188.5,469.0,mobile
188.5,470.0,mobile
188.5,471.0,mobile
188.5,472.0,mobile
188.5,473.0,mobile
188.5,474.0,mobile
188.5,475.0,mobile
188.5,476.0,mobile
188.5,477.0,mobile
188.5,478.0,mobile
188.5,479.0,mobile
188.0,479.5,mobile
187.5,480.0,mobile
187.5,481.0,mobile
187.5,482.0,mobile
187.5,483.0,mobile
187.5,484.0,mobile
187.5,485.0,mobile
187.5,486.0,mobile
187.5,487.0,mobile
187.5,488.0,mobile
187.5,489.0,mobile
187.5,490.0,mobile
187.5,491.0,mobile
187.5,492.0,mobile
187.5,493.0,mobile
187.5,494.0,mobile
187.0,494.5,mobile
186.5,495.0,mobile
186.0,495.5,mobile
185.0,495.5,mobile
184.0,495.5,mobile
183.0,495.5,mobile
182.0,495.5,mobile
181.0,495.5,mobile
180.0,495.5,mobile
179.0,495.5,mobile
178.0,495.5,mobile
177.0,495.5,mobile
176.0,495.5,mobile
175.0,495.5,mobile
174.0,495.5,mobile
173.0,495.5,mobile
172.0,495.5,mobile
171.0,495.5,mobile
170.5,496.0,mobile
170.0,496.5,mobile
169.0,496.5,mobile
168.0,496.5,mobile
167.0,496.5,mobile
166.0,496.5,mobile
165.0,496.5,mobile
164.0,496.5,mobile
163.0,496.5,mobile
162.5,497.0,mobile
162.0,497.5,mobile
161.0,497.5,mobile
160.0,497.5,mobile
159.0,497.5,mobile
158.5,498.0,mobile
158.0,498.5,mobile
270.0,155.5,neck
269.0,155.5,neck
268.0,155.5,neck
267.0,155.5,neck
266.0,155.5,neck
265.0,155.5,neck
264.0,155.5,neck
263.0,155.5,neck
262.0,155.5,neck
261.0,155.5,neck
260.0,155.5,neck
259.0,155.5,neck
258.0,155.5,neck
257.0,155.5,neck
256.0,155.5,neck
255.0,155.5,neck
254.0,155.5,neck
253.0,155.5,neck
252.0,155.5,neck
251.0,155.5,neck
250.0,155.5,neck
249.0,155.5,neck
248.0,155.5,neck
247.0,155.5,neck
246.5,155.0,neck
246.0,154.5,neck
245.0,154.5,neck
244.5,154.0,neck
244.0,153.5,neck
243.5,153.0,neck
243.0,152.5,neck
242.5,152.0,neck
242.0,151.5,neck
241.0,151.5,neck
240.0,151.5,neck
239.5,151.0,neck
239.0,150.5,neck
238.0,150.5,neck
237.5,150.0,neck
237.0,149.5,neck
236.5,149.0,neck
236.0,148.5,neck
235.5,148.0,neck
235.0,147.5,neck
234.0,147.5,neck
233.5,147.0,neck
233.0,146.5,neck
232.5,146.0,neck
232.0,145.5,neck
231.5,145.0,neck
231.0,144.5,neck
230.5,144.0,neck
230.0,143.5,neck
229.5,143.0,neck
229.0,142.5,neck
228.5,142.0,neck
228.0,141.5,neck
227.5,141.0,neck
227.5,140.0,neck
227.5,139.0,neck
227.0,138.5,neck
226.5,138.0,neck
226.5,137.0,neck
226.0,136.5,neck
225.0,136.5,neck
224.5,136.0,neck
224.5,135.0,neck
224.0,134.5,neck
223.5,134.0,neck
223.5,133.0,neck
223.0,132.5,neck
222.5,132.0,neck
222.5,131.0,neck
222.0,130.5,neck
221.5,130.0,neck
221.0,129.5,neck
220.5,129.0,neck
220.5,128.0,neck
220.0,127.5,neck
219.5,127.0,neck
219.5,126.0,neck
219.5,125.0,neck
219.0,124.5,neck
218.5,124.0,neck
218.0,123.5,neck
217.5,123.0,neck
217.0,122.5,neck
216.5,122.0,neck
216.0,121.5,neck
215.5,121.0,neck
215.5,120.0,neck
215.5,119.0,neck
215.5,118.0,neck
215.5,117.0,neck
215.0,116.5,neck
214.5,116.0,neck
214.0,115.5,neck
213.5,115.0,neck
213.0,114.5,neck
212.5,114.0,neck
212.0,113.5,neck
211.5,113.0,neck
211.5,112.0,neck
211.5,111.0,neck
211.5,110.0,neck
211.5,109.0,neck
211.5,108.0,neck
211.5,107.0,neck
211.5,106.0,neck
211.5,105.0,neck
211.5,104.0,neck
211.5,103.0,neck
211.5,102.0,neck
211.5,101.0,neck
211.5,100.0,neck
211.5,99.0,neck
211.5,98.0,neck
211.5,97.0,neck
212.0,96.5,neck
212.5,96.0,neck
213.0,95.5,neck
214.0,95.5,neck
215.0,95.5,neck
216.0,95.5,neck
217.0,95.5,neck
218.0,95.5,neck
219.0,95.5,neck
220.0,95.5,neck
221.0,95.5,neck
222.0,95.5,neck
222.5,96.0,neck
223.0,96.5,neck
224.0,96.5,neck
224.5,97.0,neck
225.0,97.5,neck
225.5,98.0,neck
226.0,98.5,neck
227.0,98.5,neck
228.0,98.5,neck
228.5,99.0,neck
229.0,99.5,neck
230.0,99.5,neck
231.0,99.5,neck
232.0,99.5,neck
233.0,99.5,neck
234.0,99.5,neck
235.0,99.5,neck
236.0,99.5,neck
237.0,99.5,neck
238.0,99.5,neck
239.0,99.5,neck
240.0,99.5,neck
241.0,99.5,neck
242.0,99.5,neck
243.0,99.5,neck
244.0,99.5,neck
245.0,99.5,neck
246.0,99.5,neck
247.0,99.5,neck
248.0,99.5,neck
249.0,99.5,neck
250.0,99.5,neck
251.0,99.5,neck
251.5,100.0,neck
252.0,100.5,neck
253.0,100.5,neck
254.0,100.5,neck
255.0,100.5,neck
256.0,100.5,neck
257.0,100.5,neck
258.0,100.5,neck
259.0,100.5,neck
260.0,100.5,neck
261.0,100.5,neck
262.0,100.5,neck
263.0,100.5,neck
264.0,100.5,neck
265.0,100.5,neck
266.0,100.5,neck
267.0,100.5,neck
268.0,100.5,neck
269.0,100.5,neck
270.0,100.5,neck
270.5,100.0,neck
271.0,99.5,neck
272.0,99.5,neck
273.0,99.5,neck
274.0,99.5,neck
275.0,99.5,neck
276.0,99.5,neck
277.0,99.5,neck
278.0,99.5,neck
279.0,99.5,neck
280.0,99.5,neck
281.0,99.5,neck
282.0,99.5,neck
283.0,99.5,neck
284.0,99.5,neck
285.0,99.5,neck
286.0,99.5,neck
287.0,99.5,neck
288.0,99.5,neck
289.0,99.5,neck
290.0,99.5,neck
291.0,99.5,neck
291.5,99.0,neck
292.0,98.5,neck
293.0,98.5,neck
294.0,98.5,neck
294.5,98.0,neck
295.0,97.5,neck
295.5,97.0,neck
296.0,96.5,neck
297.0,96.5,neck
297.5,96.0,neck
298.0,95.5,neck
299.0,95.5,neck
300.0,95.5,neck
301.0,95.5,neck
302.0,95.5,neck
302.5,96.0,neck
303.0,96.5,neck
304.0,96.5,neck
304.5,97.0,neck
305.0,97.5,neck
305.5,98.0,neck
305.5,99.0,neck
305.5,100.0,neck
305.5,101.0,neck
305.5,102.0,neck
305.5,103.0,neck
305.0,103.5,neck
304.5,104.0,neck
304.5,105.0,neck
304.5,106.0,neck
304.5,107.0,neck
304.0,107.5,neck
303.5,108.0,neck
303.5,109.0,neck
303.5,110.0,neck
303.5,111.0,neck
303.5,112.0,neck
303.5,113.0,neck
303.5,114.0,neck
303.5,115.0,neck
303.0,115.5,neck
302.5,116.0,neck
302.5,117.0,neck
302.5,118.0,neck
302.0,118.5,neck
301.5,119.0,neck
301.0,119.5,neck
300.5,120.0,neck
300.0,120.5,neck
299.5,121.0,neck
299.5,122.0,neck
299.5,123.0,neck
299.5,124.0,neck
299.5,125.0,neck
299.5,126.0,neck
299.0,126.5,neck
298.5,127.0,neck
298.0,127.5,neck
297.5,128.0,neck
297.0,128.5,neck
296.5,129.0,neck
296.5,130.0,neck
296.0,130.5,neck
295.5,131.0,neck
295.5,132.0,neck
295.5,133.0,neck
295.5,134.0,neck
295.0,134.5,neck
294.5,135.0,neck
294.0,135.5,neck
293.0,135.5,neck
292.5,136.0,neck
292.0,136.5,neck
291.5,137.0,neck
291.5,138.0,neck
291.0,138.5,neck
290.5,139.0,neck
290.5,140.0,neck
290.0,140.5,neck
289.0,140.5,neck
288.5,141.0,neck
288.5,142.0,neck
288.0,142.5,neck
287.5,143.0,neck
287.0,143.5,neck
286.5,144.0,neck
286.0,144.5,neck
285.5,145.0,neck
285.0,145.5,neck
284.5,146.0,neck
284.0,146.5,neck
283.5,147.0,neck
283.0,147.5,neck
282.0,147.5,neck
281.5,148.0,neck
281.0,148.5,neck
280.5,149.0,neck
280.0,149.5,neck
279.5,150.0,neck
279.0,150.5,neck
278.5,151.0,neck
278.0,151.5,neck
277.0,151.5,neck
276.5,152.0,neck
276.0,152.5,neck
275.0,152.5,neck
274.5,153.0,neck
274.0,153.5,neck
273.5,154.0,neck
273.0,154.5,neck
272.0,154.5,neck
271.0,154.5,neck
270.5,155.0,neck
270.0,155.5,neck
111.0,250.5,left_sleeve
110.0,250.5,left_sleeve
109.0,250.5,left_sleeve
108.0,250.5,left_sleeve
107.5,250.0,left_sleeve
107.0,249.5,left_sleeve
106.0,249.5,left_sleeve
105.5,249.0,left_sleeve
105.0,248.5,left_sleeve
104.0,248.5,left_sleeve
103.0,248.5,left_sleeve
102.5,248.0,left_sleeve
102.0,247.5,left_sleeve
101.0,247.5,left_sleeve
100.0,247.5,left_sleeve
99.5,248.0,left_sleeve
99.0,248.5,left_sleeve
98.0,248.5,left_sleeve
97.0,248.5,left_sleeve
96.0,248.5,left_sleeve
95.0,248.5,left_sleeve
94.0,248.5,left_sleeve
93.0,248.5,left_sleeve
92.5,248.0,left_sleeve
92.0,247.5,left_sleeve
91.5,247.0,left_sleeve
91.5,246.0,left_sleeve
91.0,245.5,left_sleeve
90.5,245.0,left_sleeve
90.0,244.5,left_sleeve
89.5,244.0,left_sleeve
89.0,243.5,left_sleeve
88.5,243.0,left_sleeve
88.0,242.5,left_sleeve
87.5,242.0,left_sleeve
87.5,241.0,left_sleeve
87.0,240.5,left_sleeve
86.5,240.0,left_sleeve
86.5,239.0,left_sleeve
86.0,238.5,left_sleeve
85.5,238.0,left_sleeve
85.0,237.5,left_sleeve
84.5,237.0,left_sleeve
84.5,236.0,left_sleeve
84.0,235.5,left_sleeve
83.5,235.0,left_sleeve
83.5,234.0,left_sleeve
83.5,233.0,left_sleeve
83.0,232.5,left_sleeve
82.5,232.0,left_sleeve
82.0,231.5,left_sleeve
81.5,231.0,left_sleeve
81.0,230.5,left_sleeve
80.5,230.0,left_sleeve
80.0,229.5,left_sleeve
79.5,229.0,left_sleeve
79.5,228.0,left_sleeve
79.5,227.0,left_sleeve
79.0,226.5,left_sleeve
78.5,226.0,left_sleeve
78.5,225.0,left_sleeve
78.0,224.5,left_sleeve
77.5,224.0,left_sleeve
77.0,223.5,left_sleeve
76.5,223.0,left_sleeve
76.0,222.5,left_sleeve
75.5,222.0,left_sleeve
75.5,221.0,left_sleeve
75.0,220.5,left_sleeve
74.5,220.0,left_sleeve
74.5,219.0,left_sleeve
74.0,218.5,left_sleeve
73.5,218.0,left_sleeve
73.0,217.5,left_sleeve
72.5,217.0,left_sleeve
72.5,216.0,left_sleeve
72.0,215.5,left_sleeve
71.5,215.0,left_sleeve
71.5,214.0,left_sleeve
71.5,213.0,left_sleeve
71.0,212.5,left_sleeve
70.5,212.0,left_sleeve
70.0,211.5,left_sleeve
69.0,211.5,left_sleeve
68.5,211.0,left_sleeve
68.0,210.5,left_sleeve
67.5,210.0,left_sleeve
67.5,209.0,left_sleeve
67.5,208.0,left_sleeve
67.5,207.0,left_sleeve
67.0,206.5,left_sleeve
66.5,206.0,left_sleeve
66.5,205.0,left_sleeve
66.0,204.5,left_sleeve
65.0,204.5,left_sleeve
64.5,204.0,left_sleeve
64.5,203.0,left_sleeve
64.0,202.5,left_sleeve
63.5,202.0,left_sleeve
63.5,201.0,left_sleeve
63.0,200.5,left_sleeve
62.5,200.0,left_sleeve
62.0,199.5,left_sleeve
61.0,199.5,left_sleeve
60.5,199.0,left_sleeve
60.0,198.5,left_sleeve
59.5,198.0,left_sleeve
59.5,197.0,left_sleeve
59.5,196.0,left_sleeve
59.0,195.5,left_sleeve
58.5,195.0,left_sleeve
58.5,194.0,left_sleeve
58.0,193.5,left_sleeve
57.5,193.0,left_sleeve
57.0,192.5,left_sleeve
56.5,192.0,left_sleeve
56.5,191.0,left_sleeve
56.0,190.5,left_sleeve
55.5,190.0,left_sleeve
55.5,189.0,left_sleeve
55.5,188.0,left_sleeve
55.5,187.0,left_sleeve
55.5,186.0,left_sleeve
55.5,185.0,left_sleeve
55.5,184.0,left_sleeve
55.5,183.0,left_sleeve
55.5,182.0,left_sleeve
55.5,181.0,left_sleeve
55.5,180.0,left_sleeve
55.5,179.0,left_sleeve
56.0,178.5,left_sleeve
56.5,178.0,left_sleeve
56.5,177.0,left_sleeve
57.0,176.5,left_sleeve
58.0,176.5,left_sleeve
58.5,176.0,left_sleeve
59.0,175.5,left_sleeve
60.0,175.5,left_sleeve
61.0,175.5,left_sleeve
61.5,175.0,left_sleeve
62.0,174.5,left_sleeve
62.5,174.0,left_sleeve
63.0,173.5,left_sleeve
63.5,173.0,left_sleeve
64.0,172.5,left_sleeve
64.5,172.0,left_sleeve
65.0,171.5,left_sleeve
66.0,171.5,left_sleeve
66.5,171.0,left_sleeve
67.0,170.5,left_sleeve
67.5,170.0,left_sleeve
67.5,169.0,left_sleeve
68.0,168.5,left_sleeve
68.5,168.0,left_sleeve
69.0,167.5,left_sleeve
70.0,167.5,left_sleeve
70.5,167.0,left_sleeve
71.0,166.5,left_sleeve
72.0,166.5,left_sleeve
72.5,166.0,left_sleeve
73.0,165.5,left_sleeve
73.5,165.0,left_sleeve
74.0,164.5,left_sleeve
75.0,164.5,left_sleeve
75.5,164.0,left_sleeve
76.0,163.5,left_sleeve
77.0,163.5,left_sleeve
78.0,163.5,left_sleeve
78.5,163.0,left_sleeve
79.0,162.5,left_sleeve
79.5,162.0,left_sleeve
79.5,161.0,left_sleeve
80.0,160.5,left_sleeve
80.5,160.0,left_sleeve
81.0,159.5,left_sleeve
82.0,159.5,left_sleeve
82.5,159.0,left_sleeve
83.0,158.5,left_sleeve
83.5,158.0,left_sleeve
84.0,157.5,left_sleeve
84.5,157.0,left_sleeve
85.0,156.5,left_sleeve
85.5,156.0,left_sleeve
86.0,155.5,left_sleeve
87.0,155.5,left_sleeve
88.0,155.5,left_sleeve
89.0,155.5,left_sleeve
89.5,155.0,left_sleeve
90.0,154.5,left_sleeve
90.5,154.0,left_sleeve
91.0,153.5,left_sleeve
91.5,153.0,left_sleeve
92.0,152.5,left_sleeve
92.5,152.0,left_sleeve
93.0,151.5,left_sleeve
94.0,151.5,left_sleeve
94.5,151.0,left_sleeve
95.0,150.5,left_sleeve
95.5,150.0,left_sleeve
95.5,149.0,left_sleeve
96.0,148.5,left_sleeve
96.5,148.0,left_sleeve
97.0,147.5,left_sleeve
98.0,147.5,left_sleeve
98.5,147.0,left_sleeve
99.0,146.5,left_sleeve
99.5,146.0,left_sleeve
100.0,145.5,left_sleeve
100.5,145.0,left_sleeve
101.0,144.5,left_sleeve
102.0,144.5,left_sleeve
102.5,144.0,left_sleeve
103.0,143.5,left_sleeve
104.0,143.5,left_sleeve
105.0,143.5,left_sleeve
105.5,143.0,left_sleeve
106.0,142.5,left_sleeve
106.5,142.0,left_sleeve
107.0,141.5,left_sleeve
107.5,141.0,left_sleeve
108.0,140.5,left_sleeve
108.5,140.0,left_sleeve
109.0,139.5,left_sleeve
110.0,139.5,left_sleeve
110.5,139.0,left_sleeve
111.0,138.5,left_sleeve
111.5,138.0,left_sleeve
111.5,137.0,left_sleeve
112.0,136.5,left_sleeve
112.5,136.0,left_sleeve
113.0,135.5,left_sleeve
114.0,135.5,left_sleeve
114.5,135.0,left_sleeve
115.0,134.5,left_sleeve
115.5,134.0,left_sleeve
116.0,133.5,left_sleeve
116.5,133.0,left_sleeve
117.0,132.5,left_sleeve
117.5,132.0,left_sleeve
118.0,131.5,left_sleeve
119.0,131.5,left_sleeve
120.0,131.5,left_sleeve
120.5,131.0,left_sleeve
121.0,130.5,left_sleeve
122.0,130.5,left_sleeve
122.5,130.0,left_sleeve
123.0,129.5,left_sleeve
123.5,129.0,left_sleeve
124.0,128.5,left_sleeve
124.5,128.0,left_sleeve
125.0,127.5,left_sleeve
126.0,127.5,left_sleeve
126.5,127.0,left_sleeve
127.0,126.5,left_sleeve
127.5,126.0,left_sleeve
127.5,125.0,left_sleeve
128.0,124.5,left_sleeve
129.0,124.5,left_sleeve
129.5,124.0,left_sleeve
130.0,123.5,left_sleeve
131.0,123.5,left_sleeve
132.0,123.5,left_sleeve
132.5,123.0,left_sleeve
133.0,122.5,left_sleeve
134.0,122.5,left_sleeve
134.5,122.0,left_sleeve
135.0,121.5,left_sleeve
135.5,121.0,left_sleeve
136.0,120.5,left_sleeve
136.5,120.0,left_sleeve
137.0,119.5,left_sleeve
138.0,119.5,left_sleeve
139.0,119.5,left_sleeve
140.0,119.5,left_sleeve
141.0,119.5,left_sleeve
142.0,119.5,left_sleeve
143.0,119.5,left_sleeve
143.5,120.0,left_sleeve
144.0,120.5,left_sleeve
145.0,120.5,left_sleeve
145.5,121.0,left_sleeve
146.0,121.5,left_sleeve
146.5,122.0,left_sleeve
146.5,123.0,left_sleeve
147.0,123.5,left_sleeve
147.5,124.0,left_sleeve
147.5,125.0,left_sleeve
147.5,126.0,left_sleeve
147.5,127.0,left_sleeve
148.0,127.5,left_sleeve
148.5,128.0,left_sleeve
149.0,128.5,left_sleeve
149.5,129.0,left_sleeve
150.0,129.5,left_sleeve
150.5,130.0,left_sleeve
150.5,131.0,left_sleeve
151.0,131.5,left_sleeve
151.5,132.0,left_sleeve
151.5,133.0,left_sleeve
151.5,134.0,left_sleeve
151.5,135.0,left_sleeve
152.0,135.5,left_sleeve
152.5,136.0,left_sleeve
152.5,137.0,left_sleeve
152.5,138.0,left_sleeve
153.0,138.5,left_sleeve
153.5,139.0,left_sleeve
154.0,139.5,left_sleeve
154.5,140.0,left_sleeve
154.5,141.0,left_sleeve
154.5,142.0,left_sleeve
155.0,142.5,left_sleeve
155.5,143.0,left_sleeve
155.5,144.0,left_sleeve
155.5,145.0,left_sleeve
155.5,146.0,left_sleeve
155.5,147.0,left_sleeve
155.5,148.0,left_sleeve
155.5,149.0,left_sleeve
155.5,150.0,left_sleeve
155.5,151.0,left_sleeve
155.5,152.0,left_sleeve
155.5,153.0,left_sleeve
155.5,154.0,left_sleeve
156.0,154.5,left_sleeve
156.5,155.0,left_sleeve
156.5,156.0,left_sleeve
156.5,157.0,left_sleeve
156.5,158.0,left_sleeve
156.5,159.0,left_sleeve
157.0,159.5,left_sleeve
157.5,160.0,left_sleeve
157.5,161.0,left_sleeve
157.5,162.0,left_sleeve
157.5,163.0,left_sleeve
157.5,164.0,left_sleeve
157.5,165.0,left_sleeve
157.5,166.0,left_sleeve
157.5,167.0,left_sleeve
157.5,168.0,left_sleeve
157.5,169.0,left_sleeve
157.5,170.0,left_sleeve
157.5,171.0,left_sleeve
157.5,172.0,left_sleeve
157.5,173.0,left_sleeve
157.5,174.0,left_sleeve
157.5,175.0,left_sleeve
157.5,176.0,left_sleeve
157.5,177.0,left_sleeve
157.5,178.0,left_sleeve
157.5,179.0,left_sleeve
157.5,180.0,left_sleeve
157.5,181.0,left_sleeve
157.5,182.0,left_sleeve
157.0,182.5,left_sleeve
156.5,183.0,left_sleeve
156.5,184.0,left_sleeve
156.5,185.0,left_sleeve
156.5,186.0,left_sleeve
156.5,187.0,left_sleeve
156.5,188.0,left_sleeve
156.5,189.0,left_sleeve
156.5,190.0,left_sleeve
156.5,191.0,left_sleeve
156.5,192.0,left_sleeve
156.0,192.5,left_sleeve
155.5,193.0,left_sleeve
155.5,194.0,left_sleeve
155.5,195.0,left_sleeve
155.5,196.0,left_sleeve
155.5,197.0,left_sleeve
155.5,198.0,left_sleeve
155.5,199.0,left_sleeve
155.0,199.5,left_sleeve
154.5,200.0,left_sleeve
154.5,201.0,left_sleeve
154.5,202.0,left_sleeve
154.5,203.0,left_sleeve
154.5,204.0,left_sleeve
154.0,204.5,left_sleeve
153.5,205.0,left_sleeve
153.5,206.0,left_sleeve
153.5,207.0,left_sleeve
153.0,207.5,left_sleeve
152.5,208.0,left_sleeve
152.5,209.0,left_sleeve
152.0,209.5,left_sleeve
151.5,210.0,left_sleeve
151.5,211.0,left_sleeve
151.5,212.0,left_sleeve
151.0,212.5,left_sleeve
150.5,213.0,left_sleeve
150.0,213.5,left_sleeve
149.5,214.0,left_sleeve
149.0,214.5,left_sleeve
148.5,215.0,left_sleeve
148.5,216.0,left_sleeve
148.0,216.5,left_sleeve
147.5,217.0,left_sleeve
147.5,218.0,left_sleeve
147.0,218.5,left_sleeve
146.5,219.0,left_sleeve
146.0,219.5,left_sleeve
145.5,220.0,left_sleeve
145.0,220.5,left_sleeve
144.5,221.0,left_sleeve
144.0,221.5,left_sleeve
143.5,222.0,left_sleeve
143.0,222.5,left_sleeve
142.5,223.0,left_sleeve
142.0,223.5,left_sleeve
141.5,224.0,left_sleeve
141.0,224.5,left_sleeve
140.0,224.5,left_sleeve
139.5,225.0,left_sleeve
139.5,226.0,left_sleeve
139.0,226.5,left_sleeve
138.0,226.5,left_sleeve
137.5,227.0,left_sleeve
137.0,227.5,left_sleeve
136.5,228.0,left_sleeve
136.0,228.5,left_sleeve
135.5,229.0,left_sleeve
135.0,229.5,left_sleeve
134.5,230.0,left_sleeve
134.0,230.5,left_sleeve
133.5,231.0,left_sleeve
133.0,231.5,left_sleeve
132.0,231.5,left_sleeve
131.5,232.0,left_sleeve
131.0,232.5,left_sleeve
130.5,233.0,left_sleeve
130.0,233.5,left_sleeve
129.0,233.5,left_sleeve
128.5,234.0,left_sleeve
128.0,234.5,left_sleeve
127.5,235.0,left_sleeve
127.0,235.5,left_sleeve
126.5,236.0,left_sleeve
126.0,236.5,left_sleeve
125.0,236.5,left_sleeve
124.5,237.0,left_sleeve
124.0,237.5,left_sleeve
123.0,237.5,left_sleeve
122.5,238.0,left_sleeve
122.5,239.0,left_sleeve
122.0,239.5,left_sleeve
121.5,240.0,left_sleeve
121.0,240.5,left_sleeve
120.5,241.0,left_sleeve
120.0,241.5,left_sleeve
119.5,242.0,left_sleeve
119.5,243.0,left_sleeve
119.0,243.5,left_sleeve
118.5,244.0,left_sleeve
118.5,245.0,left_sleeve
118.0,245.5,left_sleeve
117.5,246.0,left_sleeve
117.0,246.5,left_sleeve
116.0,246.5,left_sleeve
115.5,247.0,left_sleeve
115.0,247.5,left_sleeve
114.0,247.5,left_sleeve
113.5,248.0,left_sleeve
113.0,248.5,left_sleeve
112.5,249.0,left_sleeve
112.0,249.5,left_sleeve
111.5,250.0,left_sleeve
111.0,250.5,left_sleeve
111.0,250.5,right_sleeve
110.0,250.5,right_sleeve
109.0,250.5,right_sleeve
108.0,250.5,right_sleeve
107.0,250.5,right_sleeve
106.5,250.0,right_sleeve
106.0,249.5,right_sleeve
105.5,249.0,right_sleeve
105.0,248.5,right_sleeve
104.0,248.5,right_sleeve
103.0,248.5,right_sleeve
102.5,248.0,right_sleeve
102.0,247.5,right_sleeve
101.0,247.5,right_sleeve
100.0,247.5,right_sleeve
99.5,248.0,right_sleeve
99.0,248.5,right_sleeve
98.0,248.5,right_sleeve
97.0,248.5,right_sleeve
96.0,248.5,right_sleeve
95.0,248.5,right_sleeve
94.0,248.5,right_sleeve
93.0,248.5,right_sleeve
92.5,248.0,right_sleeve
92.0,247.5,right_sleeve
91.5,247.0,right_sleeve
91.5,246.0,right_sleeve
91.0,245.5,right_sleeve
90.5,245.0,right_sleeve
90.0,244.5,right_sleeve
89.5,244.0,right_sleeve
89.0,243.5,right_sleeve
88.5,243.0,right_sleeve
88.0,242.5,right_sleeve
87.5,242.0,right_sleeve
87.5,241.0,right_sleeve
87.5,240.0,right_sleeve
87.0,239.5,right_sleeve
86.5,239.0,right_sleeve
86.0,238.5,right_sleeve
85.5,238.0,right_sleeve
85.5,237.0,right_sleeve
85.0,236.5,right_sleeve
84.5,236.0,right_sleeve
84.0,235.5,right_sleeve
83.5,235.0,right_sleeve
83.5,234.0,right_sleeve
83.5,233.0,right_sleeve
83.0,232.5,right_sleeve
82.5,232.0,right_sleeve
82.0,231.5,right_sleeve
81.5,231.0,right_sleeve
81.0,230.5,right_sleeve
80.5,230.0,right_sleeve
80.0,229.5,right_sleeve
79.5,229.0,right_sleeve
79.5,228.0,right_sleeve
79.5,227.0,right_sleeve
79.0,226.5,right_sleeve
78.5,226.0,right_sleeve
78.5,225.0,right_sleeve
78.0,224.5,right_sleeve
77.5,224.0,right_sleeve
77.0,223.5,right_sleeve
76.5,223.0,right_sleeve
76.0,222.5,right_sleeve
75.5,222.0,right_sleeve
75.5,221.0,right_sleeve
75.0,220.5,right_sleeve
74.5,220.0,right_sleeve
74.5,219.0,right_sleeve
74.0,218.5,right_sleeve
73.5,218.0,right_sleeve
73.0,217.5,right_sleeve
72.5,217.0,right_sleeve
72.5,216.0,right_sleeve
72.0,215.5,right_sleeve
71.5,215.0,right_sleeve
71.5,214.0,right_sleeve
71.5,213.0,right_sleeve
71.0,212.5,right_sleeve
70.5,212.0,right_sleeve
70.0,211.5,right_sleeve
69.0,211.5,right_sleeve
68.5,211.0,right_sleeve
68.0,210.5,right_sleeve
67.5,210.0,right_sleeve
67.5,209.0,right_sleeve
67.5,208.0,right_sleeve
67.5,207.0,right_sleeve
67.0,206.5,right_sleeve
66.5,206.0,right_sleeve
66.5,205.0,right_sleeve
66.0,204.5,right_sleeve
65.5,204.0,right_sleeve
65.0,203.5,right_sleeve
64.5,203.0,right_sleeve
64.0,202.5,right_sleeve
63.5,202.0,right_sleeve
63.5,201.0,right_sleeve
63.0,200.5,right_sleeve
62.5,200.0,right_sleeve
62.0,199.5,right_sleeve
61.0,199.5,right_sleeve
60.5,199.0,right_sleeve
60.0,198.5,right_sleeve
59.5,198.0,right_sleeve
59.5,197.0,right_sleeve
59.5,196.0,right_sleeve
59.0,195.5,right_sleeve
58.5,195.0,right_sleeve
58.5,194.0,right_sleeve
58.0,193.5,right_sleeve
57.5,193.0,right_sleeve
57.0,192.5,right_sleeve
56.5,192.0,right_sleeve
56.5,191.0,right_sleeve
56.0,190.5,right_sleeve
55.5,190.0,right_sleeve
55.5,189.0,right_sleeve
55.0,188.5,right_sleeve
54.5,188.0,right_sleeve
54.0,187.5,right_sleeve
53.0,187.5,right_sleeve
52.5,187.0,right_sleeve
52.0,186.5,right_sleeve
51.5,186.0,right_sleeve
51.5,185.0,right_sleeve
51.5,184.0,right_sleeve
51.5,183.0,right_sleeve
51.5,182.0,right_sleeve
51.5,181.0,right_sleeve
52.0,180.5,right_sleeve
52.5,180.0,right_sleeve
53.0,179.5,right_sleeve
54.0,179.5,right_sleeve
54.5,179.0,right_sleeve
55.0,178.5,right_sleeve
55.5,178.0,right_sleeve
56.0,177.5,right_sleeve
56.5,177.0,right_sleeve
57.0,176.5,right_sleeve
58.0,176.5,right_sleeve
58.5,176.0,right_sleeve
59.0,175.5,right_sleeve
60.0,175.5,right_sleeve
61.0,175.5,right_sleeve
61.5,175.0,right_sleeve
62.0,174.5,right_sleeve
62.5,174.0,right_sleeve
63.0,173.5,right_sleeve
63.5,173.0,right_sleeve
64.0,172.5,right_sleeve
64.5,172.0,right_sleeve
65.0,171.5,right_sleeve
66.0,171.5,right_sleeve
66.5,171.0,right_sleeve
67.0,170.5,right_sleeve
67.5,170.0,right_sleeve
67.5,169.0,right_sleeve
68.0,168.5,right_sleeve
68.5,168.0,right_sleeve
69.0,167.5,right_sleeve
70.0,167.5,right_sleeve
70.5,167.0,right_sleeve
71.0,166.5,right_sleeve
72.0,166.5,right_sleeve
72.5,166.0,right_sleeve
73.0,165.5,right_sleeve
73.5,165.0,right_sleeve
74.0,164.5,right_sleeve
75.0,164.5,right_sleeve
75.5,164.0,right_sleeve
76.0,163.5,right_sleeve
77.0,163.5,right_sleeve
78.0,163.5,right_sleeve
78.5,163.0,right_sleeve
79.0,162.5,right_sleeve
79.5,162.0,right_sleeve
79.5,161.0,right_sleeve
80.0,160.5,right_sleeve
80.5,160.0,right_sleeve
81.0,159.5,right_sleeve
82.0,159.5,right_sleeve
82.5,159.0,right_sleeve
83.0,158.5,right_sleeve
83.5,158.0,right_sleeve
84.0,157.5,right_sleeve
84.5,157.0,right_sleeve
85.0,156.5,right_sleeve
85.5,156.0,right_sleeve
86.0,155.5,right_sleeve
87.0,155.5,right_sleeve
88.0,155.5,right_sleeve
89.0,155.5,right_sleeve
89.5,155.0,right_sleeve
90.0,154.5,right_sleeve
90.5,154.0,right_sleeve
91.0,153.5,right_sleeve
91.5,153.0,right_sleeve
92.0,152.5,right_sleeve
92.5,152.0,right_sleeve
93.0,151.5,right_sleeve
94.0,151.5,right_sleeve
94.5,151.0,right_sleeve
95.0,150.5,right_sleeve
95.5,150.0,right_sleeve
95.5,149.0,right_sleeve
96.0,148.5,right_sleeve
96.5,148.0,right_sleeve
97.0,147.5,right_sleeve
98.0,147.5,right_sleeve
98.5,147.0,right_sleeve
99.0,146.5,right_sleeve
99.5,146.0,right_sleeve
100.0,145.5,right_sleeve
100.5,145.0,right_sleeve
101.0,144.5,right_sleeve
102.0,144.5,right_sleeve
102.5,144.0,right_sleeve
103.0,143.5,right_sleeve
104.0,143.5,right_sleeve
105.0,143.5,right_sleeve
105.5,143.0,right_sleeve
106.0,142.5,right_sleeve
106.5,142.0,right_sleeve
107.0,141.5,right_sleeve
107.5,141.0,right_sleeve
108.0,140.5,right_sleeve
108.5,140.0,right_sleeve
109.0,139.5,right_sleeve
110.0,139.5,right_sleeve
110.5,139.0,right_sleeve
111.0,138.5,right_sleeve
111.5,138.0,right_sleeve
111.5,137.0,right_sleeve
112.0,136.5,right_sleeve
112.5,136.0,right_sleeve
113.0,135.5,right_sleeve
114.0,135.5,right_sleeve
114.5,135.0,right_sleeve
115.0,134.5,right_sleeve
115.5,134.0,right_sleeve
116.0,133.5,right_sleeve
116.5,133.0,right_sleeve
117.0,132.5,right_sleeve
117.5,132.0,right_sleeve
118.0,131.5,right_sleeve
119.0,131.5,right_sleeve
120.0,131.5,right_sleeve
120.5,131.0,right_sleeve
121.0,130.5,right_sleeve
122.0,130.5,right_sleeve
122.5,130.0,right_sleeve
123.0,129.5,right_sleeve
123.5,129.0,right_sleeve
124.0,128.5,right_sleeve
124.5,128.0,right_sleeve
125.0,127.5,right_sleeve
126.0,127.5,right_sleeve
126.5,127.0,right_sleeve
127.0,126.5,right_sleeve
127.5,126.0,right_sleeve
127.5,125.0,right_sleeve
128.0,124.5,right_sleeve
129.0,124.5,right_sleeve
129.5,124.0,right_sleeve
130.0,123.5,right_sleeve
131.0,123.5,right_sleeve
132.0,123.5,right_sleeve
132.5,123.0,right_sleeve
133.0,122.5,right_sleeve
134.0,122.5,right_sleeve
134.5,122.0,right_sleeve
135.0,121.5,right_sleeve
135.5,121.0,right_sleeve
136.0,120.5,right_sleeve
136.5,120.0,right_sleeve
137.0,119.5,right_sleeve
138.0,119.5,right_sleeve
139.0,119.5,right_sleeve
140.0,119.5,right_sleeve
141.0,119.5,right_sleeve
142.0,119.5,right_sleeve
143.0,119.5,right_sleeve
143.5,120.0,right_sleeve
144.0,120.5,right_sleeve
145.0,120.5,right_sleeve
145.5,121.0,right_sleeve
146.0,121.5,right_sleeve
146.5,122.0,right_sleeve
146.5,123.0,right_sleeve
147.0,123.5,right_sleeve
147.5,124.0,right_sleeve
147.5,125.0,right_sleeve
147.5,126.0,right_sleeve
148.0,126.5,right_sleeve
148.5,127.0,right_sleeve
148.5,128.0,right_sleeve
149.0,128.5,right_sleeve
149.5,129.0,right_sleeve
150.0,129.5,right_sleeve
150.5,130.0,right_sleeve
150.5,131.0,right_sleeve
151.0,131.5,right_sleeve
151.5,132.0,right_sleeve
151.5,133.0,right_sleeve
151.5,134.0,right_sleeve
151.5,135.0,right_sleeve
152.0,135.5,right_sleeve
152.5,136.0,right_sleeve
152.5,137.0,right_sleeve
153.0,137.5,right_sleeve
153.5,138.0,right_sleeve
153.5,139.0,right_sleeve
154.0,139.5,right_sleeve
154.5,140.0,right_sleeve
154.5,141.0,right_sleeve
154.5,142.0,right_sleeve
155.0,142.5,right_sleeve
155.5,143.0,right_sleeve
155.5,144.0,right_sleeve
155.5,145.0,right_sleeve
155.5,146.0,right_sleeve
155.5,147.0,right_sleeve
155.5,148.0,right_sleeve
155.5,149.0,right_sleeve
155.5,150.0,right_sleeve
155.5,151.0,right_sleeve
155.5,152.0,right_sleeve
155.5,153.0,right_sleeve
155.5,154.0,right_sleeve
156.0,154.5,right_sleeve
156.5,155.0,right_sleeve
156.5,156.0,right_sleeve
156.5,157.0,right_sleeve
156.5,158.0,right_sleeve
156.5,159.0,right_sleeve
157.0,159.5,right_sleeve
157.5,160.0,right_sleeve
157.5,161.0,right_sleeve
157.5,162.0,right_sleeve
157.5,163.0,right_sleeve
157.5,164.0,right_sleeve
157.5,165.0,right_sleeve
157.5,166.0,right_sleeve
157.5,167.0,right_sleeve
157.5,168.0,right_sleeve
157.5,169.0,right_sleeve
157.5,170.0,right_sleeve
157.5,171.0,right_sleeve
157.5,172.0,right_sleeve
157.5,173.0,right_sleeve
157.5,174.0,right_sleeve
157.5,175.0,right_sleeve
157.5,176.0,right_sleeve
157.5,177.0,right_sleeve
157.5,178.0,right_sleeve
157.5,179.0,right_sleeve
157.5,180.0,right_sleeve
157.5,181.0,right_sleeve
157.5,182.0,right_sleeve
157.5,183.0,right_sleeve
157.0,183.5,right_sleeve
156.5,184.0,right_sleeve
156.5,185.0,right_sleeve
156.5,186.0,right_sleeve
156.5,187.0,right_sleeve
156.5,188.0,right_sleeve
156.5,189.0,right_sleeve
156.5,190.0,right_sleeve
156.5,191.0,right_sleeve
156.5,192.0,right_sleeve
156.0,192.5,right_sleeve
155.5,193.0,right_sleeve
155.5,194.0,right_sleeve
155.5,195.0,right_sleeve
155.5,196.0,right_sleeve
155.5,197.0,right_sleeve
155.5,198.0,right_sleeve
155.5,199.0,right_sleeve
155.5,200.0,right_sleeve
155.0,200.5,right_sleeve
154.5,201.0,right_sleeve
154.5,202.0,right_sleeve
154.5,203.0,right_sleeve
154.5,204.0,right_sleeve
154.5,205.0,right_sleeve
154.0,205.5,right_sleeve
153.5,206.0,right_sleeve
153.5,207.0,right_sleeve
153.0,207.5,right_sleeve
152.5,208.0,right_sleeve
152.5,209.0,right_sleeve
152.5,210.0,right_sleeve
152.0,210.5,right_sleeve
151.5,211.0,right_sleeve
151.5,212.0,right_sleeve
151.0,212.5,right_sleeve
150.5,213.0,right_sleeve
150.0,213.5,right_sleeve
149.5,214.0,right_sleeve
149.0,214.5,right_sleeve
148.5,215.0,right_sleeve
148.5,216.0,right_sleeve
148.0,216.5,right_sleeve
147.5,217.0,right_sleeve
147.5,218.0,right_sleeve
147.0,218.5,right_sleeve
146.5,219.0,right_sleeve
146.0,219.5,right_sleeve
145.5,220.0,right_sleeve
145.0,220.5,right_sleeve
144.5,221.0,right_sleeve
144.0,221.5,right_sleeve
143.5,222.0,right_sleeve
143.0,222.5,right_sleeve
142.5,223.0,right_sleeve
142.0,223.5,right_sleeve
141.5,224.0,right_sleeve
141.0,224.5,right_sleeve
140.0,224.5,right_sleeve
139.5,225.0,right_sleeve
139.5,226.0,right_sleeve
139.0,226.5,right_sleeve
138.0,226.5,right_sleeve
137.5,227.0,right_sleeve
137.0,227.5,right_sleeve
136.5,228.0,right_sleeve
136.0,228.5,right_sleeve
135.5,229.0,right_sleeve
135.0,229.5,right_sleeve
134.5,230.0,right_sleeve
134.0,230.5,right_sleeve
133.5,231.0,right_sleeve
133.0,231.5,right_sleeve
132.0,231.5,right_sleeve
131.5,232.0,right_sleeve
131.0,232.5,right_sleeve
130.5,233.0,right_sleeve
130.0,233.5,right_sleeve
129.5,234.0,right_sleeve
129.0,234.5,right_sleeve
128.0,234.5,right_sleeve
127.5,235.0,right_sleeve
127.0,235.5,right_sleeve
126.0,235.5,right_sleeve
125.5,236.0,right_sleeve
125.0,236.5,right_sleeve
124.5,237.0,right_sleeve
124.0,237.5,right_sleeve
123.0,237.5,right_sleeve
122.5,238.0,right_sleeve
122.5,239.0,right_sleeve
122.0,239.5,right_sleeve
121.5,240.0,right_sleeve
121.0,240.5,right_sleeve
120.5,241.0,right_sleeve
120.5,242.0,right_sleeve
120.0,242.5,right_sleeve
119.5,243.0,right_sleeve
119.0,243.5,right_sleeve
118.5,244.0,right_sleeve
118.5,245.0,right_sleeve
118.0,245.5,right_sleeve
117.5,246.0,right_sleeve
117.0,246.5,right_sleeve
116.0,246.5,right_sleeve
115.5,247.0,right_sleeve
115.0,247.5,right_sleeve
114.5,248.0,right_sleeve
114.0,248.5,right_sleeve
113.5,249.0,right_sleeve
113.0,249.5,right_sleeve
112.0,249.5,right_sleeve
111.5,250.0,right_sleeve
111.0,250.5,right_sleeve
405.0,250.5,left_sleeve
404.0,250.5,left_sleeve
403.0,250.5,left_sleeve
402.0,250.5,left_sleeve
401.0,250.5,left_sleeve
400.0,250.5,left_sleeve
399.0,250.5,left_sleeve
398.0,250.5,left_sleeve
397.5,250.0,left_sleeve
397.0,249.5,left_sleeve
396.5,249.0,left_sleeve
396.0,248.5,left_sleeve
395.0,248.5,left_sleeve
394.5,248.0,left_sleeve
394.0,247.5,left_sleeve
393.0,247.5,left_sleeve
392.5,247.0,left_sleeve
392.0,246.5,left_sleeve
391.0,246.5,left_sleeve
390.5,246.0,left_sleeve
390.0,245.5,left_sleeve
389.0,245.5,left_sleeve
388.5,245.0,left_sleeve
388.0,244.5,left_sleeve
387.0,244.5,left_sleeve
386.0,244.5,left_sleeve
385.5,244.0,left_sleeve
385.0,243.5,left_sleeve
384.0,243.5,left_sleeve
383.0,243.5,left_sleeve
382.0,243.5,left_sleeve
381.5,243.0,left_sleeve
381.0,242.5,left_sleeve
380.5,242.0,left_sleeve
380.0,241.5,left_sleeve
379.5,241.0,left_sleeve
379.0,240.5,left_sleeve
378.0,240.5,left_sleeve
377.5,240.0,left_sleeve
377.0,239.5,left_sleeve
376.5,239.0,left_sleeve
376.0,238.5,left_sleeve
375.5,238.0,left_sleeve
375.5,237.0,left_sleeve
375.0,236.5,left_sleeve
374.5,236.0,left_sleeve
374.0,235.5,left_sleeve
373.5,235.0,left_sleeve
373.0,234.5,left_sleeve
372.5,234.0,left_sleeve
372.0,233.5,left_sleeve
371.5,233.0,left_sleeve
371.0,232.5,left_sleeve
370.5,232.0,left_sleeve
370.0,231.5,left_sleeve
369.5,231.0,left_sleeve
369.0,230.5,left_sleeve
368.5,230.0,left_sleeve
368.5,229.0,left_sleeve
368.0,228.5,left_sleeve
367.5,228.0,left_sleeve
367.5,227.0,left_sleeve
367.5,226.0,left_sleeve
367.0,225.5,left_sleeve
366.5,225.0,left_sleeve
366.0,224.5,left_sleeve
365.5,224.0,left_sleeve
365.0,223.5,left_sleeve
364.5,223.0,left_sleeve
364.5,222.0,left_sleeve
364.0,221.5,left_sleeve
363.5,221.0,left_sleeve
363.5,220.0,left_sleeve
363.5,219.0,left_sleeve
363.5,218.0,left_sleeve
363.5,217.0,left_sleeve
363.5,216.0,left_sleeve
363.5,215.0,left_sleeve
363.5,214.0,left_sleeve
363.5,213.0,left_sleeve
363.5,212.0,left_sleeve
363.5,211.0,left_sleeve
363.5,210.0,left_sleeve
363.5,209.0,left_sleeve
363.5,208.0,left_sleeve
363.5,207.0,left_sleeve
363.5,206.0,left_sleeve
363.5,205.0,left_sleeve
363.5,204.0,left_sleeve
363.5,203.0,left_sleeve
363.5,202.0,left_sleeve
363.5,201.0,left_sleeve
363.5,200.0,left_sleeve
363.5,199.0,left_sleeve
363.5,198.0,left_sleeve
363.5,197.0,left_sleeve
363.5,196.0,left_sleeve
363.5,195.0,left_sleeve
363.5,194.0,left_sleeve
363.5,193.0,left_sleeve
363.5,192.0,left_sleeve
363.5,191.0,left_sleeve
363.5,190.0,left_sleeve
363.5,189.0,left_sleeve
363.5,188.0,left_sleeve
363.5,187.0,left_sleeve
363.5,186.0,left_sleeve
363.5,185.0,left_sleeve
363.5,184.0,left_sleeve
363.5,183.0,left_sleeve
363.5,182.0,left_sleeve
363.5,181.0,left_sleeve
363.5,180.0,left_sleeve
363.5,179.0,left_sleeve
363.5,178.0,left_sleeve
363.5,177.0,left_sleeve
363.5,176.0,left_sleeve
363.5,175.0,left_sleeve
363.5,174.0,left_sleeve
363.5,173.0,left_sleeve
363.5,172.0,left_sleeve
363.5,171.0,left_sleeve
363.5,170.0,left_sleeve
363.5,169.0,left_sleeve
363.5,168.0,left_sleeve
363.5,167.0,left_sleeve
363.5,166.0,left_sleeve
363.5,165.0,left_sleeve
363.5,164.0,left_sleeve
363.5,163.0,left_sleeve
363.5,162.0,left_sleeve
363.5,161.0,left_sleeve
364.0,160.5,left_sleeve
364.5,160.0,left_sleeve
364.5,159.0,left_sleeve
364.5,158.0,left_sleeve
364.5,157.0,left_sleeve
365.0,156.5,left_sleeve
365.5,156.0,left_sleeve
365.5,155.0,left_sleeve
365.5,154.0,left_sleeve
366.0,153.5,left_sleeve
366.5,153.0,left_sleeve
366.5,152.0,left_sleeve
366.5,151.0,left_sleeve
366.5,150.0,left_sleeve
366.5,149.0,left_sleeve
367.0,148.5,left_sleeve
367.5,148.0,left_sleeve
367.5,147.0,left_sleeve
367.5,146.0,left_sleeve
368.0,145.5,left_sleeve
368.5,145.0,left_sleeve
368.5,144.0,left_sleeve
368.5,143.0,left_sleeve
369.0,142.5,left_sleeve
369.5,142.0,left_sleeve
369.5,141.0,left_sleeve
370.0,140.5,left_sleeve
370.5,140.0,left_sleeve
370.5,139.0,left_sleeve
370.5,138.0,left_sleeve
371.0,137.5,left_sleeve
371.5,137.0,left_sleeve
371.5,136.0,left_sleeve
371.5,135.0,left_sleeve
372.0,134.5,left_sleeve
372.5,134.0,left_sleeve
372.5,133.0,left_sleeve
373.0,132.5,left_sleeve
374.0,132.5,left_sleeve
375.0,132.5,left_sleeve
375.5,132.0,left_sleeve
376.0,131.5,left_sleeve
377.0,131.5,left_sleeve
378.0,131.5,left_sleeve
379.0,131.5,left_sleeve
380.0,131.5,left_sleeve
381.0,131.5,left_sleeve
382.0,131.5,left_sleeve
383.0,131.5,left_sleeve
383.5,132.0,left_sleeve
384.0,132.5,left_sleeve
385.0,132.5,left_sleeve
385.5,133.0,left_sleeve
386.0,133.5,left_sleeve
386.5,134.0,left_sleeve
387.0,134.5,left_sleeve
387.5,135.0,left_sleeve
388.0,135.5,left_sleeve
389.0,135.5,left_sleeve
389.5,136.0,left_sleeve
390.0,136.5,left_sleeve
390.5,137.0,left_sleeve
391.0,137.5,left_sleeve
391.5,138.0,left_sleeve
392.0,138.5,left_sleeve
392.5,139.0,left_sleeve
393.0,139.5,left_sleeve
394.0,139.5,left_sleeve
394.5,140.0,left_sleeve
395.0,140.5,left_sleeve
395.5,141.0,left_sleeve
395.5,142.0,left_sleeve
396.0,142.5,left_sleeve
396.5,143.0,left_sleeve
397.0,143.5,left_sleeve
398.0,143.5,left_sleeve
398.5,144.0,left_sleeve
399.0,144.5,left_sleeve
399.5,145.0,left_sleeve
400.0,145.5,left_sleeve
400.5,146.0,left_sleeve
401.0,146.5,left_sleeve
401.5,147.0,left_sleeve
402.0,147.5,left_sleeve
403.0,147.5,left_sleeve
403.5,148.0,left_sleeve
404.0,148.5,left_sleeve
404.5,149.0,left_sleeve
405.0,149.5,left_sleeve
406.0,149.5,left_sleeve
406.5,150.0,left_sleeve
407.0,150.5,left_sleeve
407.5,151.0,left_sleeve
408.0,151.5,left_sleeve
409.0,151.5,left_sleeve
409.5,152.0,left_sleeve
410.0,152.5,left_sleeve
410.5,153.0,left_sleeve
411.0,153.5,left_sleeve
411.5,154.0,left_sleeve
412.0,154.5,left_sleeve
412.5,155.0,left_sleeve
413.0,155.5,left_sleeve
414.0,155.5,left_sleeve
414.5,156.0,left_sleeve
415.0,156.5,left_sleeve
415.5,157.0,left_sleeve
415.5,158.0,left_sleeve
416.0,158.5,left_sleeve
416.5,159.0,left_sleeve
417.0,159.5,left_sleeve
418.0,159.5,left_sleeve
419.0,159.5,left_sleeve
419.5,160.0,left_sleeve
420.0,160.5,left_sleeve
421.0,160.5,left_sleeve
421.5,161.0,left_sleeve
422.0,161.5,left_sleeve
422.5,162.0,left_sleeve
423.0,162.5,left_sleeve
424.0,162.5,left_sleeve
424.5,163.0,left_sleeve
425.0,163.5,left_sleeve
426.0,163.5,left_sleeve
426.5,164.0,left_sleeve
427.0,164.5,left_sleeve
427.5,165.0,left_sleeve
428.0,165.5,left_sleeve
428.5,166.0,left_sleeve
429.0,166.5,left_sleeve
429.5,167.0,left_sleeve
430.0,167.5,left_sleeve
431.0,167.5,left_sleeve
432.0,167.5,left_sleeve
433.0,167.5,left_sleeve
433.5,168.0,left_sleeve
434.0,168.5,left_sleeve
434.5,169.0,left_sleeve
435.0,169.5,left_sleeve
435.5,170.0,left_sleeve
436.0,170.5,left_sleeve
436.5,171.0,left_sleeve
437.0,171.5,left_sleeve
437.5,172.0,left_sleeve
438.0,172.5,left_sleeve
439.0,172.5,left_sleeve
439.5,173.0,left_sleeve
439.5,174.0,left_sleeve
440.0,174.5,left_sleeve
440.5,175.0,left_sleeve
441.0,175.5,left_sleeve
442.0,175.5,left_sleeve
442.5,176.0,left_sleeve
443.0,176.5,left_sleeve
444.0,176.5,left_sleeve
444.5,177.0,left_sleeve
445.0,177.5,left_sleeve
445.5,178.0,left_sleeve
446.0,178.5,left_sleeve
447.0,178.5,left_sleeve
447.5,179.0,left_sleeve
448.0,179.5,left_sleeve
449.0,179.5,left_sleeve
449.5,180.0,left_sleeve
450.0,180.5,left_sleeve
450.5,181.0,left_sleeve
451.0,181.5,left_sleeve
451.5,182.0,left_sleeve
452.0,182.5,left_sleeve
452.5,183.0,left_sleeve
453.0,183.5,left_sleeve
454.0,183.5,left_sleeve
454.5,184.0,left_sleeve
455.0,184.5,left_sleeve
455.5,185.0,left_sleeve
455.5,186.0,left_sleeve
456.0,186.5,left_sleeve
456.5,187.0,left_sleeve
457.0,187.5,left_sleeve
458.0,187.5,left_sleeve
458.5,188.0,left_sleeve
459.0,188.5,left_sleeve
459.5,189.0,left_sleeve
459.5,190.0,left_sleeve
459.5,191.0,left_sleeve
459.5,192.0,left_sleeve
459.5,193.0,left_sleeve
459.5,194.0,left_sleeve
459.0,194.5,left_sleeve
458.5,195.0,left_sleeve
458.0,195.5,left_sleeve
457.5,196.0,left_sleeve
457.0,196.5,left_sleeve
456.5,197.0,left_sleeve
456.0,197.5,left_sleeve
455.5,198.0,left_sleeve
455.5,199.0,left_sleeve
455.5,200.0,left_sleeve
455.0,200.5,left_sleeve
454.5,201.0,left_sleeve
454.5,202.0,left_sleeve
454.0,202.5,left_sleeve
453.5,203.0,left_sleeve
453.0,203.5,left_sleeve
452.5,204.0,left_sleeve
452.0,204.5,left_sleeve
451.5,205.0,left_sleeve
451.5,206.0,left_sleeve
451.0,206.5,left_sleeve
450.5,207.0,left_sleeve
450.0,207.5,left_sleeve
449.0,207.5,left_sleeve
448.5,208.0,left_sleeve
448.0,208.5,left_sleeve
447.5,209.0,left_sleeve
447.5,210.0,left_sleeve
447.0,210.5,left_sleeve
446.5,211.0,left_sleeve
446.5,212.0,left_sleeve
446.0,212.5,left_sleeve
445.0,212.5,left_sleeve
444.5,213.0,left_sleeve
444.5,214.0,left_sleeve
444.0,214.5,left_sleeve
443.5,215.0,left_sleeve
443.5,216.0,left_sleeve
443.5,217.0,left_sleeve
443.5,218.0,left_sleeve
443.0,218.5,left_sleeve
442.5,219.0,left_sleeve
442.0,219.5,left_sleeve
441.0,219.5,left_sleeve
440.5,220.0,left_sleeve
440.0,220.5,left_sleeve
439.5,221.0,left_sleeve
439.5,222.0,left_sleeve
439.0,222.5,left_sleeve
438.5,223.0,left_sleeve
438.0,223.5,left_sleeve
437.5,224.0,left_sleeve
437.0,224.5,left_sleeve
436.5,225.0,left_sleeve
436.0,225.5,left_sleeve
435.5,226.0,left_sleeve
435.5,227.0,left_sleeve
435.5,228.0,left_sleeve
435.5,229.0,left_sleeve
435.0,229.5,left_sleeve
434.5,230.0,left_sleeve
434.0,230.5,left_sleeve
433.5,231.0,left_sleeve
433.0,231.5,left_sleeve
432.5,232.0,left_sleeve
432.0,232.5,left_sleeve
431.5,233.0,left_sleeve
431.5,234.0,left_sleeve
431.0,234.5,left_sleeve
430.5,235.0,left_sleeve
430.5,236.0,left_sleeve
430.0,236.5,left_sleeve
429.5,237.0,left_sleeve
429.0,237.5,left_sleeve
428.5,238.0,left_sleeve
428.5,239.0,left_sleeve
428.0,239.5,left_sleeve
427.5,240.0,left_sleeve
427.5,241.0,left_sleeve
427.5,242.0,left_sleeve
427.0,242.5,left_sleeve
426.5,243.0,left_sleeve
426.0,243.5,left_sleeve
425.0,243.5,left_sleeve
424.5,244.0,left_sleeve
424.0,244.5,left_sleeve
423.0,244.5,left_sleeve
422.5,245.0,left_sleeve
422.5,246.0,left_sleeve
422.0,246.5,left_sleeve
421.0,246.5,left_sleeve
420.0,246.5,left_sleeve
419.0,246.5,left_sleeve
418.0,246.5,left_sleeve
417.0,246.5,left_sleeve
416.0,246.5,left_sleeve
415.0,246.5,left_sleeve
414.0,246.5,left_sleeve
413.0,246.5,left_sleeve
412.0,246.5,left_sleeve
411.0,246.5,left_sleeve
410.0,246.5,left_sleeve
409.0,246.5,left_sleeve
408.5,247.0,left_sleeve
408.0,247.5,left_sleeve
407.5,248.0,left_sleeve
407.0,248.5,left_sleeve
406.5,249.0,left_sleeve
406.0,249.5,left_sleeve
405.5,250.0,left_sleeve
405.0,250.5,left_sleeve
